sourceArray	sourceOrdinal	currentLevel	currentCategory	english	hebrew	proposedBaseLevel	proposedCategory	action	repairedEnglish	repairedHebrew	standardPathStatus	conceptFamiliarity	englishFormComplexity	hebrewFormComplexity	imageable	contentKind	imageRequired	imageMode	assetKey	iosAssetStatus	androidAssetStatus	dataIssue	reason	confidence
fruits_a	1	A	fruits	Apple	תפוח	A	fruits	STANDARD	Apple	תפוח	UNCHANGED	very_high	low	low	yes	word	true	image	apple	existing_ios	existing_android	none	Retain in the normalized curriculum.	medium
fruits_a	2	A	fruits	Lemon	לימון	A	fruits	STANDARD	Lemon	לימון	UNCHANGED	very_high	low	low	yes	word	true	image	lemon	existing_ios	existing_android	none	Retain in the normalized curriculum.	medium
fruits_a	3	A	fruits	Plum	שזיף	A	fruits	STANDARD	Plum	שזיף	UNCHANGED	very_high	low	low	yes	word	true	image	plum	existing_ios	existing_android	none	Retain in the normalized curriculum.	medium
fruits_a	4	A	fruits	Peach	אפרסק	A	fruits	STANDARD	Peach	אפרסק	UNCHANGED	very_high	low	low	yes	word	true	image	peach	existing_ios	existing_android	none	Retain in the normalized curriculum.	medium
fruits_a	5	A	fruits	Grapes	ענבים	A	fruits	STANDARD	Grapes	ענבים	UNCHANGED	very_high	low	low	yes	word	true	image	grapes	existing_ios	existing_android	none	Retain in the normalized curriculum.	medium
fruits_a	6	A	fruits	Mango	מנגו	A	fruits	STANDARD	Mango	מנגו	UNCHANGED	very_high	low	low	yes	word	true	image	mango	existing_ios	existing_android	none	Retain in the normalized curriculum.	medium
fruits_a	7	A	fruits	Banana	בננה	A	fruits	STANDARD	Banana	בננה	UNCHANGED	very_high	low	low	yes	word	true	image	banana	existing_ios	existing_android	none	Retain in the normalized curriculum.	medium
fruits_a	8	A	fruits	Orange	תפוז	A	fruits	STANDARD	Orange	תפוז	UNCHANGED	very_high	low	low	yes	word	true	image	orange	existing_ios	existing_android	none	Retain in the normalized curriculum.	medium
fruits_a	9	A	fruits	Lime	ליים	A	fruits	STANDARD	Lime	ליים	UNCHANGED	very_high	low	low	yes	word	true	image	lime	existing_ios	existing_android	none	Retain in the normalized curriculum.	medium
fruits_a	10	A	fruits	Kiwi	קיווי	A	fruits	STANDARD	Kiwi	קיווי	UNCHANGED	very_high	low	low	yes	word	true	image	kiwi	existing_ios	existing_android	none	Retain in the normalized curriculum.	medium
fruits_b	1	B	fruits	Apricot	משמש	B	fruits	STANDARD	Apricot	משמש	UNCHANGED	high	low	low	yes	word	true	image	apricot	missing_ios	existing_android	none	Retain in the normalized curriculum.	medium
fruits_b	2	B	fruits	Strawberry	תות	B	fruits	STANDARD	Strawberry	תות	UNCHANGED	high	medium	low	yes	word	true	image	strawberry	missing_ios	existing_android	none	Retain in the normalized curriculum.	medium
fruits_b	3	B	fruits	Pear	אגס	B	fruits	STANDARD	Pear	אגס	UNCHANGED	high	low	low	yes	word	true	image	pear	missing_ios	existing_android	none	Retain in the normalized curriculum.	medium
fruits_b	4	B	fruits	Cherry	דובדבן	B	fruits	STANDARD	Cherry	דובדבן	UNCHANGED	high	low	low	yes	word	true	image	cherry	missing_ios	existing_android	none	Retain in the normalized curriculum.	medium
fruits_b	5	B	fruits	Avocado	אבוקדו	B	fruits	STANDARD	Avocado	אבוקדו	UNCHANGED	high	low	low	yes	word	true	image	avocado	missing_ios	existing_android	none	Retain in the normalized curriculum.	medium
fruits_b	6	B	fruits	Papaya	פפאיה	B	fruits	STANDARD	Papaya	פפאיה	UNCHANGED	high	low	low	yes	word	true	image	papaya	missing_ios	existing_android	none	Retain in the normalized curriculum.	medium
fruits_b	7	B	fruits	Grapefruit	אשכולית	B	fruits	STANDARD	Grapefruit	אשכולית	UNCHANGED	high	medium	low	yes	word	true	image	grapefruit	missing_ios	existing_android	none	Retain in the normalized curriculum.	medium
fruits_b	8	B	fruits	Blueberry	אוכמנית	B	fruits	STANDARD	Blueberry	אוכמנית	UNCHANGED	high	medium	low	yes	word	true	image	blueberry	missing_ios	existing_android	none	Retain in the normalized curriculum.	medium
fruits_c	1	C	fruits	Dates	תמרים	C	fruits	STANDARD	Dates	תמרים	UNCHANGED	medium	low	low	yes	word	true	image	dates	missing_ios	existing_android	none	Retain in the normalized curriculum.	medium
fruits_c	2	C	fruits	Clementine	קלמנטינה	C	fruits	STANDARD	Clementine	קלמנטינה	UNCHANGED	medium	medium	medium	yes	word	true	image	clementine	missing_ios	existing_android	none	Retain in the normalized curriculum.	medium
fruits_c	3	C	fruits	Fig	תאנה	C	fruits	STANDARD	Fig	תאנה	UNCHANGED	medium	low	low	yes	word	true	image	fig	missing_ios	existing_android	none	Retain in the normalized curriculum.	medium
fruits_c	4	C	fruits	Raspberry	פטל	C	fruits	STANDARD	Raspberry	פטל	UNCHANGED	medium	medium	low	yes	word	true	image	raspberry	missing_ios	existing_android	none	Retain in the normalized curriculum.	medium
fruits_c	5	C	fruits	Pineapple	אננס	B	fruits	STANDARD	Pineapple	אננס	LEVEL_MOVE	high	medium	low	yes	word	true	image	pineapple	missing_ios	existing_android	level_rebalance	Retain in the normalized curriculum.	medium
fruits_c	6	C	fruits	Nectarine	נקטרינה	C	fruits	STANDARD	Nectarine	נקטרינה	UNCHANGED	medium	medium	low	yes	word	true	image	nectarine	missing_ios	existing_android	none	Retain in the normalized curriculum.	medium
fruits_c	7	C	fruits	Watermelon	אבטיח	C	fruits	STANDARD	Watermelon	אבטיח	UNCHANGED	medium	medium	low	yes	word	true	image	watermelon	missing_ios	existing_android	none	Retain in the normalized curriculum.	medium
fruits_c	8	C	fruits	Coconut	קוקוס	C	fruits	STANDARD	Coconut	קוקוס	UNCHANGED	medium	low	low	yes	word	true	image	coconut	missing_ios	existing_android	none	Retain in the normalized curriculum.	medium
fruits_c	9	C	fruits	Mandarin	מנדרינה	C	fruits	STANDARD	Mandarin	מנדרינה	UNCHANGED	medium	medium	low	yes	word	true	image	mandarin	missing_ios	existing_android	none	Retain in the normalized curriculum.	medium
fruits_c	10	C	fruits	Cranberry	חמוצית	C	fruits	STANDARD	Cranberry	חמוצית	UNCHANGED	medium	medium	low	yes	word	true	image	cranberry	missing_ios	existing_android	none	Retain in the normalized curriculum.	medium
fruits_c	11	C	fruits	Carob	חרוב	C	fruits	STANDARD	Carob	חרוב	UNCHANGED	medium	low	low	yes	word	true	image	carob	missing_ios	existing_android	none	Retain in the normalized curriculum.	medium
fruits_d	1	D	fruits	Pomegranate	רימון	D	fruits	STANDARD	Pomegranate	רימון	UNCHANGED	medium_low	medium	low	yes	word	true	image	pomegranate	missing_ios	existing_android	none	Retain in the normalized curriculum.	medium
fruits_d	2	D	fruits	Persimmon	אפרסמון	C	fruits	STANDARD	Persimmon	אפרסמון	LEVEL_MOVE	medium	medium	low	yes	word	true	image	persimmon	missing_ios	existing_android	level_rebalance	Retain in the normalized curriculum.	medium
fruits_d	3	D	fruits	Dragonfruit	פיטאיה	D	fruits	STANDARD	Dragonfruit	פיטאיה	UNCHANGED	medium_low	medium	low	yes	word	true	image	dragonfruit	missing_ios	existing_android	none	Retain in the normalized curriculum.	medium
fruits_d	4	D	fruits	Gooseberry	דומדמניות	D	fruits	STANDARD	Gooseberry	דומדמניות	UNCHANGED	medium_low	medium	medium	yes	word	true	image	gooseberry	missing_ios	existing_android	none	Retain in the normalized curriculum.	medium
fruits_d	5	D	fruits	Tamarind	תמרהינדי	D	fruits	STANDARD	Tamarind	תמרהינדי	UNCHANGED	medium_low	medium	medium	yes	word	true	image	tamarind	missing_ios	existing_android	none	Retain in the normalized curriculum.	medium
fruits_d	6	D	fruits	Jackfruit	ג׳קפרוט	D	fruits	STANDARD	Jackfruit	ג׳קפרוט	UNCHANGED	medium_low	medium	low	yes	word	true	image	jackfruit	missing_ios	existing_android	none	Retain in the normalized curriculum.	medium
fruits_d	7	D	fruits	Soursop	גואנבנה	D	fruits	STANDARD	Soursop	גואנבנה	UNCHANGED	medium_low	low	low	yes	word	true	image	soursop	missing_ios	existing_android	none	Retain in the normalized curriculum.	medium
fruits_e	1	E	fruits	Prickly pear (Opuntia)	סברס	D	fruits	STANDARD	Prickly pear	סברס	TEXT_REPAIR	medium_low	medium	low	yes	word	true	image	prickly_pear	missing_ios	missing_android	text_or_translation_repair,level_rebalance	Drop the botanical parenthetical and keep the common learner-facing fruit name.	high
fruits_e	2	E	fruits	Kumquat	קומקוואט (תפוז סיני)	E	fruits	STANDARD	Kumquat	קומקוואט (תפוז סיני)	UNCHANGED	low	low	high	yes	word	true	image	kumquat	missing_ios	existing_android	none	Retain in the normalized curriculum.	medium
fruits_e	3	E	fruits	Loquat	שסק	E	fruits	STANDARD	Loquat	שסק	UNCHANGED	low	low	low	yes	word	true	image	loquat	missing_ios	existing_android	none	Retain in the normalized curriculum.	medium
fruits_e	4	E	fruits	Quince	חבוש	E	fruits	STANDARD	Quince	חבוש	UNCHANGED	low	low	low	yes	word	true	image	quince	missing_ios	existing_android	none	Retain in the normalized curriculum.	medium
fruits_e	5	E	fruits	Cherimoya	אנונה	E	fruits	EXCLUDED_EXPERT	Cherimoya	אנונה	EXCLUDED_EXPERT	specialized	medium	low	yes	word	true	image	cherimoya	missing_ios	existing_android	expert_or_low_value	Archive from the standard path because this term is too niche or trivia-heavy for the intended age bands.	high
fruits_e	6	E	fruits	Mangosteen	מנגוסטין	E	fruits	EXCLUDED_EXPERT	Mangosteen	מנגוסטין	EXCLUDED_EXPERT	specialized	medium	medium	yes	word	true	image	mangosteen	missing_ios	existing_android	expert_or_low_value	Archive from the standard path because this term is too niche or trivia-heavy for the intended age bands.	high
fruits_e	7	E	fruits	Rambutan	רמבוטן	E	fruits	EXCLUDED_EXPERT	Rambutan	רמבוטן	EXCLUDED_EXPERT	specialized	medium	low	yes	word	true	image	rambutan	missing_ios	existing_android	expert_or_low_value	Archive from the standard path because this term is too niche or trivia-heavy for the intended age bands.	high
fruits_e	8	E	fruits	Longan	לונגן	E	fruits	EXCLUDED_EXPERT	Longan	לונגן	EXCLUDED_EXPERT	specialized	low	low	yes	word	true	image	longan	missing_ios	existing_android	expert_or_low_value	Archive from the standard path because this term is too niche or trivia-heavy for the intended age bands.	high
fruits_e	9	E	fruits	Durian	דוריאן	E	fruits	EXCLUDED_EXPERT	Durian	דוריאן	EXCLUDED_EXPERT	specialized	low	low	yes	word	true	image	durian	missing_ios	existing_android	expert_or_low_value	Archive from the standard path because this term is too niche or trivia-heavy for the intended age bands.	high
fruits_e	10	E	fruits	Salak	סלאק	E	fruits	EXCLUDED_EXPERT	Salak	סלאק	EXCLUDED_EXPERT	specialized	low	low	yes	word	true	image	salak	missing_ios	existing_android	expert_or_low_value	Archive from the standard path because this term is too niche or trivia-heavy for the intended age bands.	high
vegetables_a	1	A	vegetables	Tomato	עגבנייה	A	vegetables	STANDARD	Tomato	עגבנייה	UNCHANGED	very_high	low	low	yes	word	true	image	tomato	missing_ios	existing_android	none	Retain in the normalized curriculum.	medium
vegetables_a	2	A	vegetables	Carrot	גזר	A	vegetables	STANDARD	Carrot	גזר	UNCHANGED	very_high	low	low	yes	word	true	image	carrot	missing_ios	existing_android	none	Retain in the normalized curriculum.	medium
vegetables_a	3	A	vegetables	Corn	תירס	A	vegetables	STANDARD	Corn	תירס	UNCHANGED	very_high	low	low	yes	word	true	image	corn	missing_ios	existing_android	none	Retain in the normalized curriculum.	medium
vegetables_a	4	A	vegetables	Pea	אפונה	A	vegetables	STANDARD	Pea	אפונה	UNCHANGED	very_high	low	low	yes	word	true	image	pea	missing_ios	existing_android	none	Retain in the normalized curriculum.	medium
vegetables_a	5	A	vegetables	Garlic	שום	A	vegetables	STANDARD	Garlic	שום	UNCHANGED	very_high	low	low	yes	word	true	image	garlic	existing_ios	existing_android	none	Retain in the normalized curriculum.	medium
vegetables_a	6	A	vegetables	Pepper	פלפל	A	vegetables	STANDARD	Pepper	פלפל	UNCHANGED	very_high	low	low	yes	word	true	image	pepper	missing_ios	existing_android	none	Retain in the normalized curriculum.	medium
vegetables_a	7	A	vegetables	Peppers	פלפלים	A	vegetables	MERGED_DUPLICATE	Peppers	פלפלים	MERGED_DUPLICATE	specialized	low	low	yes	word	true	image	peppers	missing_ios	existing_android	duplicate_or_overlap	Merge into vegetables_a|Pepper to avoid maintaining the same semantic concept twice.	high
vegetables_b	1	B	vegetables	Bean	שעועית	B	vegetables	STANDARD	Bean	שעועית	UNCHANGED	high	low	low	yes	word	true	image	bean	missing_ios	existing_android	none	Retain in the normalized curriculum.	medium
vegetables_b	2	B	vegetables	Potato	תפוח אדמה	B	vegetables	STANDARD	Potato	תפוח אדמה	UNCHANGED	high	low	medium	yes	word	true	image	potato	missing_ios	existing_android	none	Retain in the normalized curriculum.	medium
vegetables_b	3	B	vegetables	Cucumber	מלפפון	B	vegetables	STANDARD	Cucumber	מלפפון	UNCHANGED	high	medium	low	yes	word	true	image	cucumber	missing_ios	existing_android	none	Retain in the normalized curriculum.	medium
vegetables_b	4	B	vegetables	Sweet potato	בטטה	B	vegetables	STANDARD	Sweet potato	בטטה	UNCHANGED	high	medium	low	yes	word	true	image	sweet_potato	missing_ios	existing_android	none	Retain in the normalized curriculum.	medium
vegetables_b	5	B	vegetables	Cabbage	כרוב	B	vegetables	STANDARD	Cabbage	כרוב	UNCHANGED	high	low	low	yes	word	true	image	cabbage	missing_ios	existing_android	none	Retain in the normalized curriculum.	medium
vegetables_b	6	B	vegetables	Beet	סלק	B	vegetables	STANDARD	Beet	סלק	UNCHANGED	high	low	low	yes	word	true	image	beet	missing_ios	existing_android	none	Retain in the normalized curriculum.	medium
vegetables_b	7	B	vegetables	Radish	צנון	B	vegetables	STANDARD	Radish	צנון	UNCHANGED	high	low	low	yes	word	true	image	radish	missing_ios	existing_android	none	Retain in the normalized curriculum.	medium
vegetables_b	8	B	vegetables	Zucchini	קישוא	B	vegetables	STANDARD	Zucchini	קישוא	UNCHANGED	high	medium	low	yes	word	true	image	zucchini	missing_ios	existing_android	none	Retain in the normalized curriculum.	medium
vegetables_c	1	C	vegetables	Kale	קייל	C	vegetables	STANDARD	Kale	קייל	UNCHANGED	medium	low	low	yes	word	true	image	kale	missing_ios	existing_android	none	Retain in the normalized curriculum.	medium
vegetables_c	2	C	vegetables	Eggplant	חציל	C	vegetables	STANDARD	Eggplant	חציל	UNCHANGED	medium	medium	low	yes	word	true	image	eggplant	missing_ios	existing_android	none	Retain in the normalized curriculum.	medium
vegetables_c	3	C	vegetables	Mushroom	פטרייה	C	vegetables	STANDARD	Mushroom	פטרייה	UNCHANGED	medium	medium	low	yes	word	true	image	mushroom	missing_ios	existing_android	none	Retain in the normalized curriculum.	medium
vegetables_c	4	C	vegetables	Dill	שמיר	C	vegetables	STANDARD	Dill	שמיר	UNCHANGED	medium	low	low	yes	word	true	image	dill	missing_ios	existing_android	none	Retain in the normalized curriculum.	medium
vegetables_c	5	C	vegetables	Leek	כרישה	C	vegetables	STANDARD	Leek	כרישה	UNCHANGED	medium	low	low	yes	word	true	image	leek	missing_ios	existing_android	none	Retain in the normalized curriculum.	medium
vegetables_c	6	C	vegetables	Artichoke	ארטישוק	C	vegetables	STANDARD	Artichoke	ארטישוק	UNCHANGED	medium	medium	low	yes	word	true	image	artichoke	missing_ios	existing_android	none	Retain in the normalized curriculum.	medium
vegetables_c	7	C	vegetables	Turnip	לפת	C	vegetables	STANDARD	Turnip	לפת	UNCHANGED	medium	low	low	yes	word	true	image	turnip	missing_ios	existing_android	none	Retain in the normalized curriculum.	medium
vegetables_c	8	C	vegetables	Pumpkin	דלעת	B	vegetables	STANDARD	Pumpkin	דלעת	LEVEL_MOVE	high	low	low	yes	word	true	image	pumpkin	missing_ios	existing_android	level_rebalance	Retain in the normalized curriculum.	medium
vegetables_d	1	D	vegetables	Parsley	פטרוזיליה	D	vegetables	STANDARD	Parsley	פטרוזיליה	UNCHANGED	medium_low	low	medium	yes	word	true	image	parsley	missing_ios	existing_android	none	Retain in the normalized curriculum.	medium
vegetables_d	2	D	vegetables	Cauliflower	כרובית	D	vegetables	STANDARD	Cauliflower	כרובית	UNCHANGED	medium_low	medium	low	yes	word	true	image	cauliflower	missing_ios	existing_android	none	Retain in the normalized curriculum.	medium
vegetables_d	3	D	vegetables	Scallion	בצל ירוק	D	vegetables	STANDARD	Scallion	בצל ירוק	UNCHANGED	medium_low	medium	medium	yes	word	true	image	scallion	missing_ios	existing_android	none	Retain in the normalized curriculum.	medium
vegetables_d	4	D	vegetables	Chard	מנגולד	D	vegetables	STANDARD	Chard	מנגולד	UNCHANGED	medium_low	low	low	yes	word	true	image	chard	missing_ios	existing_android	none	Retain in the normalized curriculum.	medium
vegetables_d	5	D	vegetables	Fennel	שומר	D	vegetables	STANDARD	Fennel	שומר	UNCHANGED	medium_low	low	low	yes	word	true	image	fennel	missing_ios	existing_android	none	Retain in the normalized curriculum.	medium
vegetables_d	6	D	vegetables	Endive	אנדיב	D	vegetables	STANDARD	Endive	אנדיב	LEVEL_MOVE	medium_low	low	low	yes	word	true	image	endive	missing_ios	existing_android	level_rebalance	Retain in the normalized curriculum.	medium
vegetables_d	7	D	vegetables	Arugula	ארוגולה	D	vegetables	STANDARD	Arugula	ארוגולה	UNCHANGED	medium_low	low	low	yes	word	true	image	arugula	missing_ios	existing_android	none	Retain in the normalized curriculum.	medium
vegetables_d	8	D	vegetables	Shallot	שאלוט	D	vegetables	STANDARD	Shallot	שאלוט	UNCHANGED	medium_low	low	low	yes	word	true	image	shallot	missing_ios	existing_android	none	Retain in the normalized curriculum.	medium
vegetables_d	9	D	vegetables	Kohlrabi	קולרבי	D	vegetables	STANDARD	Kohlrabi	קולרבי	UNCHANGED	medium_low	medium	low	yes	word	true	image	kohlrabi	missing_ios	existing_android	none	Retain in the normalized curriculum.	medium
vegetables_d	10	D	vegetables	Broccolini	ברוקוליני	D	vegetables	STANDARD	Broccolini	ברוקוליני	UNCHANGED	medium_low	medium	medium	yes	word	true	image	broccolini	missing_ios	existing_android	none	Retain in the normalized curriculum.	medium
vegetables_e	1	E	vegetables	Watercress	גרגר הנחלים	E	vegetables	STANDARD	Watercress	גרגר הנחלים	UNCHANGED	low	medium	medium	yes	word	true	image	watercress	missing_ios	existing_android	none	Retain in the normalized curriculum.	medium
vegetables_e	2	E	vegetables	Parsley root	שורש פטרוזיליה	E	vegetables	STANDARD	Parsley root	שורש פטרוזיליה	UNCHANGED	low	medium	high	yes	word	true	image	parsley_root	missing_ios	existing_android	none	Retain in the normalized curriculum.	medium
vegetables_e	3	E	vegetables	Jerusalem artichoke	ארטישוק ירושלמי	E	vegetables	STANDARD	Jerusalem artichoke	ארטישוק ירושלמי	UNCHANGED	low	high	high	yes	word	true	image	jerusalem_artichoke	missing_ios	existing_android	none	Retain in the normalized curriculum.	medium
school_a	1	A	school	Pen	עט	A	school_supplies	STANDARD	Pen	עט	UNCHANGED	very_high	low	low	yes	word	true	image	pen	missing_ios	existing_android	none	Retain in the normalized curriculum.	medium
school_a	2	A	school	Pencil	עיפרון	A	school_supplies	STANDARD	Pencil	עיפרון	UNCHANGED	very_high	low	low	yes	word	true	image	pencil	missing_ios	existing_android	none	Retain in the normalized curriculum.	medium
school_a	3	A	school	Eraser	מחק	A	school_supplies	STANDARD	Eraser	מחק	UNCHANGED	very_high	low	low	yes	word	true	image	eraser	missing_ios	existing_android	none	Retain in the normalized curriculum.	medium
school_a	4	A	school	Ruler	סרגל	A	school_supplies	STANDARD	Ruler	סרגל	UNCHANGED	very_high	low	low	yes	word	true	image	ruler	missing_ios	existing_android	none	Retain in the normalized curriculum.	medium
school_a	5	A	school	Book	ספר	A	school_supplies	STANDARD	Book	ספר	UNCHANGED	very_high	low	low	yes	word	true	image	book	missing_ios	existing_android	none	Retain in the normalized curriculum.	medium
school_a	6	A	school	Bag	תיק	A	school_supplies	STANDARD	Bag	תיק	UNCHANGED	very_high	low	low	yes	word	true	image	bag	missing_ios	existing_android	none	Retain in the normalized curriculum.	medium
school_a	7	A	school	Glue	דבק	A	school_supplies	STANDARD	Glue	דבק	UNCHANGED	very_high	low	low	yes	word	true	image	glue	missing_ios	existing_android	none	Retain in the normalized curriculum.	medium
school_a	8	A	school	Board	לוח	A	school_supplies	STANDARD	Board	לוח	UNCHANGED	very_high	low	low	yes	word	true	image	board	missing_ios	existing_android	none	Retain in the normalized curriculum.	medium
school_b	1	B	school	Chalk	גיר	B	school_supplies	STANDARD	Chalk	גיר	UNCHANGED	high	low	low	yes	word	true	image	chalk	missing_ios	existing_android	none	Retain in the normalized curriculum.	medium
school_b	2	B	school	Marker	טוש	B	school_supplies	STANDARD	Marker	טוש	UNCHANGED	high	low	low	yes	word	true	image	marker	missing_ios	existing_android	none	Retain in the normalized curriculum.	medium
school_b	3	B	school	Crayon	צבעי שעווה	B	school_supplies	STANDARD	Crayon	צבעי שעווה	UNCHANGED	high	low	medium	yes	word	true	image	crayon	missing_ios	existing_android	none	Retain in the normalized curriculum.	medium
school_b	4	B	school	Calculator	מחשבון	B	school_supplies	STANDARD	Calculator	מחשבון	UNCHANGED	high	medium	low	yes	word	true	image	calculator	missing_ios	existing_android	none	Retain in the normalized curriculum.	medium
school_b	5	B	school	Tablet	טאבלט	B	school_supplies	STANDARD	Tablet	טאבלט	UNCHANGED	high	low	low	yes	word	true	image	tablet	missing_ios	existing_android	none	Retain in the normalized curriculum.	medium
school_b	6	B	school	Globe	גלובוס	B	school_supplies	STANDARD	Globe	גלובוס	UNCHANGED	high	low	low	yes	word	true	image	globe	missing_ios	existing_android	none	Retain in the normalized curriculum.	medium
school_c	1	C	school	Sharpener	מחדד	C	school_supplies	STANDARD	Sharpener	מחדד	UNCHANGED	medium	medium	low	yes	word	true	image	sharpener	missing_ios	existing_android	none	Retain in the normalized curriculum.	medium
school_c	2	C	school	Scissors	מספריים	C	school_supplies	STANDARD	Scissors	מספריים	UNCHANGED	medium	medium	low	yes	word	true	image	scissors	missing_ios	existing_android	none	Retain in the normalized curriculum.	medium
school_c	3	C	school	Stapler	שדכן	C	school_supplies	STANDARD	Stapler	שדכן	UNCHANGED	medium	low	low	yes	word	true	image	stapler	missing_ios	existing_android	none	Retain in the normalized curriculum.	medium
school_c	4	C	school	Compass	מצפן	C	school_supplies	STANDARD	Compass	מצפן	UNCHANGED	medium	low	low	yes	word	true	image	compass	missing_ios	existing_android	none	Retain in the normalized curriculum.	medium
school_c	5	C	school	Protractor	מד זווית	C	school_supplies	STANDARD	Protractor	מד זווית	UNCHANGED	medium	medium	medium	yes	word	true	image	protractor	missing_ios	existing_android	none	Retain in the normalized curriculum.	medium
school_c	6	C	school	Whiteboard	לוח לבן	C	school_supplies	STANDARD	Whiteboard	לוח לבן	UNCHANGED	medium	medium	medium	yes	word	true	image	whiteboard	missing_ios	existing_android	none	Retain in the normalized curriculum.	medium
school_c	7	C	school	Projector	מקרן	C	school_supplies	STANDARD	Projector	מקרן	UNCHANGED	medium	medium	low	yes	word	true	image	projector	missing_ios	existing_android	none	Retain in the normalized curriculum.	medium
school_c	8	C	school	Microscope	מיקרוסקופ	C	science_objects	STANDARD	Microscope	מיקרוסקופ	UNCHANGED	medium	medium	medium	yes	word	true	image	microscope	missing_ios	existing_android	none	Retain in the normalized curriculum.	medium
school_c	9	C	school	Telescope	טלסקופ	C	science_objects	STANDARD	Telescope	טלסקופ	UNCHANGED	medium	medium	low	yes	word	true	image	telescope	missing_ios	existing_android	none	Retain in the normalized curriculum.	medium
school_c	10	C	school	Abacus	חשבונייה	C	school_supplies	STANDARD	Abacus	חשבונייה	UNCHANGED	medium	low	medium	yes	word	true	image	abacus	missing_ios	existing_android	none	Retain in the normalized curriculum.	medium
school_c	11	C	school	Folder	תיקייה	C	school_supplies	STANDARD	Folder	תיקייה	UNCHANGED	medium	low	low	yes	word	true	image	folder	missing_ios	existing_android	none	Retain in the normalized curriculum.	medium
school_d	1	D	school	Test tube	מבחנה	D	science_objects	STANDARD	Test tube	מבחנה	UNCHANGED	medium_low	medium	low	yes	word	true	image	test_tube	missing_ios	existing_android	none	Retain in the normalized curriculum.	medium
school_d	2	D	school	Beaker	כוס מדידה	D	science_objects	STANDARD	Beaker	כוס מדידה	UNCHANGED	medium_low	low	medium	yes	word	true	image	beaker	missing_ios	existing_android	none	Retain in the normalized curriculum.	medium
school_d	3	D	school	Magnet	מגנט	D	science_objects	STANDARD	Magnet	מגנט	UNCHANGED	medium_low	low	low	yes	word	true	image	magnet	missing_ios	existing_android	none	Retain in the normalized curriculum.	medium
school_d	4	D	school	Triangle	משולש	D	shapes	MERGED_DUPLICATE	Triangle	משולש	MERGED_DUPLICATE	specialized	medium	low	yes	word	true	image	triangle	missing_ios	existing_android	duplicate_or_overlap,category_misfit	Merge into shapes_b|Triangle to avoid maintaining the same semantic concept twice.	high
school_d	5	D	school	Compass rose	שושנת רוחות	D	directions	STANDARD	Compass rose	שושנת רוחות	UNCHANGED	medium_low	medium	medium	no	word	false	none		not_needed	not_needed	none	Retain in the normalized curriculum.	medium
school_d	6	D	school	Thermometer	מדחום	D	science_objects	STANDARD	Thermometer	מדחום	UNCHANGED	medium_low	medium	low	yes	word	true	image	thermometer	missing_ios	existing_android	none	Retain in the normalized curriculum.	medium
school_d	7	D	school	Barometer	ברומטר	D	science_objects	STANDARD	Barometer	ברומטר	UNCHANGED	medium_low	medium	low	yes	word	true	image	barometer	missing_ios	existing_android	none	Retain in the normalized curriculum.	medium
school_d	8	D	school	Caliper	קליבר	D	science_objects	STANDARD	Caliper	קליבר	UNCHANGED	medium_low	low	low	yes	word	true	image	caliper	missing_ios	existing_android	none	Retain in the normalized curriculum.	medium
school_e	1	E	school	Periodic table	טבלת מחזור היסודות	E	science	STANDARD	Periodic table	טבלת מחזור היסודות	UNCHANGED	low	high	high	no	word	false	none		not_needed	not_needed	none	Retain in the normalized curriculum.	medium
school_e	2	E	school	Micropipette	מיקרופיפטה	E	science_objects	EXCLUDED_EXPERT	Micropipette	מיקרופיפטה	EXCLUDED_EXPERT	specialized	medium	medium	yes	word	true	image	micropipette	missing_ios	missing_android	expert_or_low_value	Archive from the standard path because this term is too niche or trivia-heavy for the intended age bands.	high
school_e	3	E	school	Oscilloscope	אוסצילוסקופ	E	science_objects	EXCLUDED_EXPERT	Oscilloscope	אוסצילוסקופ	EXCLUDED_EXPERT	specialized	medium	medium	yes	word	true	image	oscilloscope	missing_ios	missing_android	expert_or_low_value,level_rebalance	Archive from the standard path because this term is too niche or trivia-heavy for the intended age bands.	high
school_e	4	E	school	Chronometer	כרונומטר	E	science_objects	EXCLUDED_EXPERT	Chronometer	כרונומטר	EXCLUDED_EXPERT	specialized	medium	medium	yes	word	true	image	chronometer	missing_ios	missing_android	expert_or_low_value	Archive from the standard path because this term is too niche or trivia-heavy for the intended age bands.	high
school_e	5	E	school	Spectroscope	ספקטרוסקופ	E	science_objects	EXCLUDED_EXPERT	Spectroscope	ספקטרוסקופ	EXCLUDED_EXPERT	specialized	medium	medium	yes	word	true	image	spectroscope	missing_ios	missing_android	expert_or_low_value	Archive from the standard path because this term is too niche or trivia-heavy for the intended age bands.	high
school_e	6	E	school	Tuning fork	מזלג כוונון	E	science_objects	STANDARD	Tuning fork	מזלג כוונון	UNCHANGED	low	medium	medium	yes	word	true	image	tuning_fork	missing_ios	missing_android	none	Retain in the normalized curriculum.	medium
school_e	7	E	school	Seismograph	סיסמוגרף	E	school_work	EXCLUDED_EXPERT	Seismograph	סיסמוגרף	EXCLUDED_EXPERT	specialized	medium	medium	yes	word	true	image	seismograph	missing_ios	missing_android	expert_or_low_value	Archive from the standard path because this term is too niche or trivia-heavy for the intended age bands.	high
school_e	8	E	school	Planisphere	פלניספרה	E	school_work	EXCLUDED_EXPERT	Planisphere	פלניספרה	EXCLUDED_EXPERT	specialized	medium	medium	yes	word	true	image	planisphere	missing_ios	missing_android	expert_or_low_value	Archive from the standard path because this term is too niche or trivia-heavy for the intended age bands.	high
other_a	1	A	other	King	מלך	A	fantasy_adventure	STANDARD	King	מלך	UNCHANGED	very_high	low	low	yes	word	true	image	king	existing_ios	existing_android	none	Retain in the normalized curriculum.	medium
other_a	2	A	other	Queen	מלכה	A	fantasy_adventure	STANDARD	Queen	מלכה	UNCHANGED	very_high	low	low	yes	word	true	image	queen	missing_ios	existing_android	none	Retain in the normalized curriculum.	medium
other_a	3	A	other	Prince	נסיך	A	fantasy_adventure	STANDARD	Prince	נסיך	UNCHANGED	very_high	low	low	yes	word	true	image	prince	missing_ios	existing_android	none	Retain in the normalized curriculum.	medium
other_a	4	A	other	Princess	נסיכה	A	fantasy_adventure	STANDARD	Princess	נסיכה	UNCHANGED	very_high	medium	low	yes	word	true	image	princess	missing_ios	existing_android	none	Retain in the normalized curriculum.	medium
other_a	5	A	other	Crown	כתר	A	fantasy_adventure	STANDARD	Crown	כתר	UNCHANGED	very_high	low	low	yes	word	true	image	crown	missing_ios	existing_android	none	Retain in the normalized curriculum.	medium
other_a	6	A	other	Castle	טירה	A	fantasy_adventure	STANDARD	Castle	טירה	UNCHANGED	very_high	low	low	yes	word	true	image	castle	missing_ios	existing_android	none	Retain in the normalized curriculum.	medium
other_a	7	A	other	Balloon	בלון	A	toys_games	STANDARD	Balloon	בלון	UNCHANGED	very_high	low	low	yes	word	true	image	balloon	missing_ios	existing_android	none	Retain in the normalized curriculum.	medium
other_a	8	A	other	Drum	תוף	A	music	STANDARD	Drum	תוף	UNCHANGED	very_high	low	low	yes	word	true	image	drum	missing_ios	existing_android	none	Retain in the normalized curriculum.	medium
other_a	9	A	other	Flag	דגל	A	symbols	STANDARD	Flag	דגל	UNCHANGED	very_high	low	low	yes	word	true	image	flag	missing_ios	existing_android	none	Retain in the normalized curriculum.	medium
other_a	10	A	other	Magic	קסם	A	fantasy_adventure	STANDARD	Magic	קסם	UNCHANGED	very_high	low	low	yes	word	true	image	magic	missing_ios	existing_android	none	Retain in the normalized curriculum.	medium
other_a	11	A	other	Puzzle	פאזל	A	toys_games	STANDARD	Puzzle	פאזל	UNCHANGED	very_high	low	low	yes	word	true	image	puzzle	missing_ios	missing_android	none	Retain in the normalized curriculum.	medium
other_b	1	B	other	Hotel	בית מלון	B	places	STANDARD	Hotel	בית מלון	UNCHANGED	high	low	medium	yes	word	true	image	hotel	missing_ios	existing_android	none	Retain in the normalized curriculum.	medium
other_b	2	B	other	Race	מירוץ	B	sports	STANDARD	Race	מירוץ	UNCHANGED	high	low	low	yes	word	true	image	race	missing_ios	missing_android	none	Keep Race as image-capable only through a clear finish-line scene rather than a generic person image.	medium
other_b	3	B	other	Crystal	גביש	B	science_objects	STANDARD	Crystal	גביש	UNCHANGED	high	low	low	yes	word	true	image	crystal	missing_ios	existing_android	none	Retain in the normalized curriculum.	medium
other_b	4	B	other	Unicorn	חד־קרן	B	fantasy_adventure	STANDARD	Unicorn	חד־קרן	UNCHANGED	high	low	low	yes	word	true	image	unicorn	missing_ios	existing_android	none	Retain in the normalized curriculum.	medium
other_b	5	B	other	Violin	כינור	B	music	STANDARD	Violin	כינור	UNCHANGED	high	low	low	yes	word	true	image	violin	missing_ios	existing_android	none	Retain in the normalized curriculum.	medium
other_b	6	B	other	Pirate	פיראט	B	fantasy_adventure	STANDARD	Pirate	פיראט	UNCHANGED	high	low	low	yes	word	true	image	pirate	missing_ios	existing_android	none	Retain in the normalized curriculum.	medium
other_b	7	B	other	Knight	אביר	B	fantasy_adventure	STANDARD	Knight	אביר	UNCHANGED	high	low	low	yes	word	true	image	knight	missing_ios	existing_android	none	Retain in the normalized curriculum.	medium
other_b	8	B	other	Helmet	קסדה	B	health_safety	STANDARD	Helmet	קסדה	UNCHANGED	high	low	low	yes	word	true	image	helmet	missing_ios	existing_android	none	Retain in the normalized curriculum.	medium
other_b	9	B	other	Shield	מגן	B	fantasy_adventure	STANDARD	Shield	מגן	UNCHANGED	high	low	low	yes	word	true	image	shield	missing_ios	existing_android	none	Retain in the normalized curriculum.	medium
other_b	10	B	other	Dragon	דרקון	B	fantasy_adventure	STANDARD	Dragon	דרקון	UNCHANGED	high	low	low	yes	word	true	image	dragon	missing_ios	existing_android	none	Retain in the normalized curriculum.	medium
other_b	11	B	other	Fairy	פיה	B	fantasy_adventure	STANDARD	Fairy	פיה	UNCHANGED	high	low	low	yes	word	true	image	fairy	missing_ios	existing_android	none	Retain in the normalized curriculum.	medium
other_b	12	B	other	Wizard	קוסם	B	fantasy_adventure	STANDARD	Wizard	קוסם	UNCHANGED	high	low	low	yes	word	true	image	wizard	missing_ios	existing_android	none	Retain in the normalized curriculum.	medium
other_b	13	B	other	Palace	ארמון	B	fantasy_adventure	STANDARD	Palace	ארמון	UNCHANGED	high	low	low	yes	word	true	image	palace	missing_ios	existing_android	none	Retain in the normalized curriculum.	medium
other_c	1	C	other	Trophy	גביע	C	sports	STANDARD	Trophy	גביע	UNCHANGED	medium	low	low	yes	word	true	image	trophy	missing_ios	existing_android	none	Retain in the normalized curriculum.	medium
other_c	2	C	other	Cup of coffee	כוס קפה	C	food	STANDARD	Cup of coffee	כוס קפה	UNCHANGED	medium	high	medium	yes	word	true	image	cup_of_coffee	missing_ios	existing_android	none	Retain in the normalized curriculum.	medium
other_c	3	C	other	Treasure	אוצר	C	fantasy_adventure	STANDARD	Treasure	אוצר	UNCHANGED	medium	medium	low	yes	word	true	image	treasure	missing_ios	missing_android	none	Retain in the normalized curriculum.	medium
other_c	4	C	other	Lantern	פנס	C	household	STANDARD	Lantern	פנס	UNCHANGED	medium	low	low	yes	word	true	image	lantern	missing_ios	missing_android	none	Retain in the normalized curriculum.	medium
other_c	5	C	other	Costume	תחפושת	C	fantasy_adventure	STANDARD	Costume	תחפושת	UNCHANGED	medium	low	low	yes	word	true	image	costume	missing_ios	missing_android	none	Retain in the normalized curriculum.	medium
other_c	6	C	other	Harmonica	מפוחית	C	music	STANDARD	Harmonica	מפוחית	UNCHANGED	medium	medium	low	yes	word	true	image	harmonica	missing_ios	missing_android	none	Retain in the normalized curriculum.	medium
other_c	7	C	other	Accordion	אקורדיון	C	music	STANDARD	Accordion	אקורדיון	UNCHANGED	medium	medium	medium	yes	word	true	image	accordion	missing_ios	missing_android	none	Retain in the normalized curriculum.	medium
other_c	8	C	other	Parachute	מצנח	C	transport	STANDARD	Parachute	מצנח	UNCHANGED	medium	medium	low	yes	word	true	image	parachute	missing_ios	missing_android	none	Retain in the normalized curriculum.	medium
other_c	9	C	other	Sword	חרב	C	fantasy_adventure	STANDARD	Sword	חרב	UNCHANGED	medium	low	low	yes	word	true	image	sword	missing_ios	missing_android	none	Retain in the normalized curriculum.	medium
other_c	10	C	other	Trumpet	חצוצרה	C	music	STANDARD	Trumpet	חצוצרה	UNCHANGED	medium	low	low	yes	word	true	image	trumpet	missing_ios	missing_android	none	Retain in the normalized curriculum.	medium
other_c	11	C	other	Armour	שריון	C	fantasy_adventure	STANDARD	Armour	שריון	UNCHANGED	medium	low	low	yes	word	true	image	armour	missing_ios	missing_android	none	Retain in the normalized curriculum.	medium
other_d	1	D	other	Xylophone	קסילופון	D	music	STANDARD	Xylophone	קסילופון	UNCHANGED	medium_low	medium	medium	yes	word	true	image	xylophone	missing_ios	missing_android	none	Retain in the normalized curriculum.	medium
other_d	2	D	other	Binoculars	משקפת	D	science_objects	STANDARD	Binoculars	משקפת	UNCHANGED	medium_low	medium	low	yes	word	true	image	binoculars	missing_ios	missing_android	none	Retain in the normalized curriculum.	medium
other_d	3	D	other	Labyrinth	מבוך	D	toys_games	STANDARD	Labyrinth	מבוך	UNCHANGED	medium_low	medium	low	yes	word	true	image	labyrinth	missing_ios	missing_android	none	Retain in the normalized curriculum.	medium
other_d	4	D	other	Orchestra	תזמורת	D	music	STANDARD	Orchestra	תזמורת	UNCHANGED	medium_low	medium	low	yes	word	true	image	orchestra	missing_ios	missing_android	none	Retain in the normalized curriculum.	medium
other_d	5	D	other	Scarecrow	דחליל	D	environment	STANDARD	Scarecrow	דחליל	UNCHANGED	medium_low	medium	low	yes	word	true	image	scarecrow	missing_ios	missing_android	none	Retain in the normalized curriculum.	medium
other_d	6	D	other	Crown jewels	תכשיטי הכתר	D	mixed_other	EXCLUDED_EXPERT	Crown jewels	תכשיטי הכתר	EXCLUDED_EXPERT	specialized	medium	medium	yes	word	true	image	crown_jewels	missing_ios	missing_android	expert_or_low_value	Archive from the standard path because this term is too niche or trivia-heavy for the intended age bands.	high
other_d	7	D	other	Drawbridge	גשר מתרומם	D	mixed_other	EXCLUDED_EXPERT	Drawbridge	גשר מתרומם	EXCLUDED_EXPERT	specialized	medium	medium	yes	word	true	image	drawbridge	missing_ios	missing_android	expert_or_low_value	Archive from the standard path because this term is too niche or trivia-heavy for the intended age bands.	high
other_e	1	E	other	Kaleidoscope	קליידוסקופ	E	science_objects	STANDARD	Kaleidoscope	קליידוסקופ	UNCHANGED	low	medium	medium	yes	word	true	image	kaleidoscope	missing_ios	missing_android	none	Retain in the normalized curriculum.	medium
other_e	2	E	other	Hieroglyphs	כתב חרטומים	E	mixed_other	EXCLUDED_EXPERT	Hieroglyphs	כתב חרטומים	EXCLUDED_EXPERT	specialized	medium	medium	yes	word	true	image	hieroglyphs	missing_ios	missing_android	expert_or_low_value	Archive from the standard path because this term is too niche or trivia-heavy for the intended age bands.	high
other_e	3	E	other	Camouflage	הסוואה	E	appearance	STANDARD	Camouflage	הסוואה	UNCHANGED	low	medium	low	no	word	false	none		not_needed	not_needed	none	Retain in the normalized curriculum.	medium
other_e	4	E	other	Metronome	מטרונום	E	music	STANDARD	Metronome	מטרונום	UNCHANGED	low	medium	low	yes	word	true	image	metronome	missing_ios	missing_android	none	Retain in the normalized curriculum.	medium
other_e	5	E	other	Periscope	פריסקופ	E	science_objects	STANDARD	Periscope	פריסקופ	UNCHANGED	low	medium	low	yes	word	true	image	periscope	missing_ios	missing_android	none	Retain in the normalized curriculum.	medium
other_e	6	E	other	Catapult	קטפולטה	E	fantasy_adventure	STANDARD	Catapult	קטפולטה	UNCHANGED	low	medium	low	yes	word	true	image	catapult	missing_ios	missing_android	none	Retain in the normalized curriculum.	medium
other_e	7	E	other	Portcullis	סבכת שער	E	mixed_other	EXCLUDED_EXPERT	Portcullis	סבכת שער	EXCLUDED_EXPERT	specialized	medium	medium	yes	word	true	image	portcullis	missing_ios	missing_android	expert_or_low_value	Archive from the standard path because this term is too niche or trivia-heavy for the intended age bands.	high
food_a	1	A	food	Ice cream	גלידה	A	food	STANDARD	Ice cream	גלידה	UNCHANGED	very_high	medium	low	yes	word	true	image	ice_cream	missing_ios	existing_android	none	Retain in the normalized curriculum.	medium
food_a	2	A	food	Candy	סוכרייה	A	food	STANDARD	Candy	סוכרייה	UNCHANGED	very_high	low	low	yes	word	true	image	candy	missing_ios	existing_android	none	Retain in the normalized curriculum.	medium
food_a	3	A	food	Cookie	עוגייה	A	food	STANDARD	Cookie	עוגייה	UNCHANGED	very_high	low	low	yes	word	true	image	cookie	missing_ios	existing_android	none	Retain in the normalized curriculum.	medium
food_a	4	A	food	Juice	מיץ	A	food	STANDARD	Juice	מיץ	UNCHANGED	very_high	low	low	yes	word	true	image	juice	missing_ios	existing_android	none	Retain in the normalized curriculum.	medium
food_a	5	A	food	Milk	חלב	A	food	STANDARD	Milk	חלב	UNCHANGED	very_high	low	low	yes	word	true	image	milk	missing_ios	existing_android	none	Retain in the normalized curriculum.	medium
food_a	6	A	food	Water	מים	A	food	STANDARD	Water	מים	UNCHANGED	very_high	low	low	yes	word	true	image	water	missing_ios	existing_android	none	Retain in the normalized curriculum.	medium
food_a	7	A	food	Pizza	פיצה	A	food	STANDARD	Pizza	פיצה	UNCHANGED	very_high	low	low	yes	word	true	image	pizza	missing_ios	existing_android	none	Retain in the normalized curriculum.	medium
food_a	8	A	food	Cake	עוגה	A	food	STANDARD	Cake	עוגה	UNCHANGED	very_high	low	low	yes	word	true	image	cake	missing_ios	existing_android	none	Retain in the normalized curriculum.	medium
food_a	9	A	food	Jam	ריבה	A	food	STANDARD	Jam	ריבה	UNCHANGED	very_high	low	low	yes	word	true	image	jam	missing_ios	existing_android	none	Retain in the normalized curriculum.	medium
food_b	1	B	food	Soup	מרק	B	food	STANDARD	Soup	מרק	UNCHANGED	high	low	low	yes	word	true	image	soup	missing_ios	existing_android	none	Retain in the normalized curriculum.	medium
food_b	2	B	food	Yogurt	יוגורט	B	food	STANDARD	Yogurt	יוגורט	UNCHANGED	high	low	low	yes	word	true	image	yogurt	missing_ios	existing_android	none	Retain in the normalized curriculum.	medium
food_b	3	B	food	Pancake	פנקייק	B	food	STANDARD	Pancake	פנקייק	UNCHANGED	high	low	low	yes	word	true	image	pancake	missing_ios	existing_android	none	Retain in the normalized curriculum.	medium
food_b	4	B	food	Chocolate	שוקולד	B	food	STANDARD	Chocolate	שוקולד	UNCHANGED	high	medium	low	yes	word	true	image	chocolate	missing_ios	existing_android	none	Retain in the normalized curriculum.	medium
food_b	5	B	food	Sandwich	כריך	B	food	STANDARD	Sandwich	כריך	UNCHANGED	high	medium	low	yes	word	true	image	sandwich	missing_ios	existing_android	none	Retain in the normalized curriculum.	medium
food_b	6	B	food	Pasta	פסטה	B	food	STANDARD	Pasta	פסטה	UNCHANGED	high	low	low	yes	word	true	image	pasta	missing_ios	existing_android	none	Retain in the normalized curriculum.	medium
food_b	7	B	food	Rice	אורז	B	food	STANDARD	Rice	אורז	UNCHANGED	high	low	low	yes	word	true	image	rice	missing_ios	existing_android	none	Retain in the normalized curriculum.	medium
food_b	8	B	food	Pita	פיתה	B	food	STANDARD	Pita	פיתה	UNCHANGED	high	low	low	yes	word	true	image	pita	missing_ios	existing_android	none	Retain in the normalized curriculum.	medium
food_b	9	B	food	Lollipop	סוכרייה על מקל	B	food	STANDARD	Lollipop	סוכרייה על מקל	UNCHANGED	high	medium	high	yes	word	true	image	lollipop	missing_ios	existing_android	none	Retain in the normalized curriculum.	medium
food_b	10	B	food	Cheese	גבינה	B	food	STANDARD	Cheese	גבינה	UNCHANGED	high	low	low	yes	word	true	image	cheese	missing_ios	existing_android	none	Retain in the normalized curriculum.	medium
food_b	11	B	food	Bagel	בייגל	B	food	STANDARD	Bagel	בייגל	UNCHANGED	high	low	low	yes	word	true	image	bagel	missing_ios	missing_android	none	Retain in the normalized curriculum.	medium
food_c	1	C	food	Stew	תבשיל	C	food	STANDARD	Stew	תבשיל	UNCHANGED	medium	low	low	yes	word	true	image	stew	missing_ios	existing_android	none	Retain in the normalized curriculum.	medium
food_c	2	C	food	Hot dog	נקניקייה	C	food	STANDARD	Hot dog	נקניקייה	UNCHANGED	medium	medium	medium	yes	word	true	image	hot_dog	missing_ios	missing_android	none	Retain in the normalized curriculum.	medium
food_c	3	C	food	Cereal	דגני בוקר	C	food	STANDARD	Cereal	דגני בוקר	UNCHANGED	medium	low	medium	yes	word	true	image	cereal	missing_ios	missing_android	none	Retain in the normalized curriculum.	medium
food_c	4	C	food	Waffle	וופל	C	food	STANDARD	Waffle	וופל	UNCHANGED	medium	low	low	yes	word	true	image	waffle	missing_ios	missing_android	none	Retain in the normalized curriculum.	medium
food_c	5	C	food	Chicken nuggets	נאגטס עוף	C	food	STANDARD	Chicken nuggets	נאגטס עוף	UNCHANGED	medium	high	medium	yes	word	true	image	chicken_nuggets	missing_ios	missing_android	none	Retain in the normalized curriculum.	medium
food_c	6	C	food	Hamburger	המבורגר	C	food	STANDARD	Hamburger	המבורגר	UNCHANGED	medium	medium	low	yes	word	true	image	hamburger	missing_ios	missing_android	none	Retain in the normalized curriculum.	medium
food_c	7	C	food	French fries	צ׳יפס	C	food	STANDARD	French fries	צ׳יפס	UNCHANGED	medium	medium	low	yes	word	true	image	french_fries	missing_ios	missing_android	none	Retain in the normalized curriculum.	medium
food_c	8	C	food	Scrambled eggs	חביתה	C	food	STANDARD	Scrambled eggs	חביתה	UNCHANGED	medium	high	low	yes	word	true	image	scrambled_eggs	missing_ios	missing_android	none	Retain in the normalized curriculum.	medium
food_c	9	C	food	Peanut butter	חמאת בוטנים	C	food	STANDARD	Peanut butter	חמאת בוטנים	UNCHANGED	medium	medium	medium	yes	word	true	image	peanut_butter	missing_ios	missing_android	none	Retain in the normalized curriculum.	medium
food_c	10	C	food	Popsicle	ארטיק	C	food	STANDARD	Popsicle	ארטיק	UNCHANGED	medium	medium	low	yes	word	true	image	popsicle	missing_ios	missing_android	none	Retain in the normalized curriculum.	medium
food_c	11	C	food	Hummus	חומוס	C	food	STANDARD	Hummus	חומוס	UNCHANGED	medium	low	low	yes	word	true	image	hummus	missing_ios	missing_android	none	Retain in the normalized curriculum.	medium
food_c	12	C	food	Ketchup	קטשופ	C	food	STANDARD	Ketchup	קטשופ	UNCHANGED	medium	low	low	yes	word	true	image	ketchup	missing_ios	missing_android	none	Retain in the normalized curriculum.	medium
food_c	13	C	food	Donut	דונאט	C	food	STANDARD	Donut	דונאט	UNCHANGED	medium	low	low	yes	word	true	image	donut	missing_ios	missing_android	none	Retain in the normalized curriculum.	medium
food_c	14	C	food	Chicken soup	מרק עוף	C	food	STANDARD	Chicken soup	מרק עוף	UNCHANGED	medium	medium	medium	yes	word	true	image	chicken_soup	missing_ios	missing_android	none	Retain in the normalized curriculum.	medium
food_c	15	C	food	Pretzel	בייגלה	C	food	STANDARD	Pretzel	בייגלה	UNCHANGED	medium	low	low	yes	word	true	image	pretzel	missing_ios	missing_android	none	Retain in the normalized curriculum.	medium
food_c	16	C	food	Mac and cheese	מקרוני עם גבינה	C	food	STANDARD	Mac and cheese	מקרוני עם גבינה	UNCHANGED	medium	high	high	yes	word	true	image	mac_and_cheese	missing_ios	missing_android	none	Retain in the normalized curriculum.	medium
food_c	17	C	food	Grilled cheese	טוסט גבינה	C	food	STANDARD	Grilled cheese	טוסט גבינה	UNCHANGED	medium	high	medium	yes	word	true	image	grilled_cheese	missing_ios	missing_android	none	Retain in the normalized curriculum.	medium
food_d	1	D	food	Ice cream truck	אוטו גלידה	D	food	STANDARD	Ice cream truck	אוטו גלידה	UNCHANGED	medium_low	high	medium	yes	word	true	image	ice_cream_truck	missing_ios	existing_android	none	Retain in the normalized curriculum.	medium
food_d	2	D	food	Ice cream cone	גביע גלידה	D	food	STANDARD	Ice cream cone	גביע גלידה	UNCHANGED	medium_low	high	medium	yes	word	true	image	ice_cream_cone	missing_ios	existing_android	none	Retain in the normalized curriculum.	medium
food_d	3	D	food	Restaurant	מסעדה	D	food	STANDARD	Restaurant	מסעדה	UNCHANGED	medium_low	medium	low	yes	word	true	image	restaurant	missing_ios	existing_android	none	Retain in the normalized curriculum.	medium
food_d	4	D	food	Fish sticks	אצבעות דג	D	food	STANDARD	Fish sticks	אצבעות דג	UNCHANGED	medium_low	medium	medium	yes	word	true	image	fish_sticks	missing_ios	missing_android	none	Retain in the normalized curriculum.	medium
food_d	5	D	food	French toast	טוסט צרפתי	D	food	STANDARD	French toast	טוסט צרפתי	UNCHANGED	medium_low	medium	medium	yes	word	true	image	french_toast	missing_ios	missing_android	none	Retain in the normalized curriculum.	medium
food_d	6	D	food	Pudding	פודינג	D	food	STANDARD	Pudding	פודינג	UNCHANGED	medium_low	low	low	yes	word	true	image	pudding	missing_ios	missing_android	none	Retain in the normalized curriculum.	medium
food_d	7	D	food	Falafel	פלאפל	D	food	STANDARD	Falafel	פלאפל	UNCHANGED	medium_low	low	low	yes	word	true	image	falafel	missing_ios	missing_android	none	Retain in the normalized curriculum.	medium
food_d	8	D	food	Sushi	סושי	C	food	STANDARD	Sushi	סושי	LEVEL_MOVE	medium	low	low	yes	word	true	image	sushi	missing_ios	missing_android	level_rebalance	Retain in the normalized curriculum.	medium
food_e	1	E	food	Lasagna	לזניה	E	food	STANDARD	Lasagna	לזניה	UNCHANGED	low	low	low	yes	word	true	image	lasagna	missing_ios	missing_android	none	Retain in the normalized curriculum.	medium
food_e	2	E	food	Quesadilla	קסדייה	E	food	STANDARD	Quesadilla	קסדייה	UNCHANGED	low	medium	low	yes	word	true	image	quesadilla	missing_ios	missing_android	none	Retain in the normalized curriculum.	medium
food_e	3	E	food	Tahini	טחינה	E	food	STANDARD	Tahini	טחינה	UNCHANGED	low	low	low	yes	word	true	image	tahini	missing_ios	missing_android	none	Retain in the normalized curriculum.	medium
food_e	4	E	food	Ravioli	רביולי	E	food	STANDARD	Ravioli	רביולי	UNCHANGED	low	low	low	yes	word	true	image	ravioli	missing_ios	missing_android	none	Retain in the normalized curriculum.	medium
food_e	5	E	food	Crepe	קרפ	E	food	STANDARD	Crepe	קרפ	UNCHANGED	low	low	low	yes	word	true	image	crepe	missing_ios	missing_android	none	Retain in the normalized curriculum.	medium
food_e	6	E	food	Nachos	נאצ׳וס	E	food	STANDARD	Nachos	נאצ׳וס	UNCHANGED	low	low	low	yes	word	true	image	nachos	missing_ios	missing_android	none	Retain in the normalized curriculum.	medium
food_e	7	E	food	Burrito	בוריטו	E	food	STANDARD	Burrito	בוריטו	UNCHANGED	low	low	low	yes	word	true	image	burrito	missing_ios	missing_android	none	Retain in the normalized curriculum.	medium
food_e	8	E	food	Quiche	קיש	E	food	STANDARD	Quiche	קיש	UNCHANGED	low	low	low	yes	word	true	image	quiche	missing_ios	missing_android	none	Retain in the normalized curriculum.	medium
people_a	1	A	people	Baby	תינוק	A	family_people	STANDARD	Baby	תינוק	UNCHANGED	very_high	low	low	yes	word	true	image	baby	missing_ios	existing_android	none	Retain in the normalized curriculum.	medium
people_a	2	A	people	Boy	ילד	A	family_people	STANDARD	Boy	ילד	UNCHANGED	very_high	low	low	yes	word	true	image	boy	missing_ios	existing_android	none	Retain in the normalized curriculum.	medium
people_a	3	A	people	Girl	ילדה	A	family_people	STANDARD	Girl	ילדה	UNCHANGED	very_high	low	low	yes	word	true	image	girl	missing_ios	existing_android	none	Retain in the normalized curriculum.	medium
people_a	4	A	people	Mom	אמא	A	family_people	STANDARD	Mom	אמא	UNCHANGED	very_high	low	low	yes	word	true	image	mom	missing_ios	existing_android	none	Retain in the normalized curriculum.	medium
people_a	5	A	people	Dad	אבא	A	family_people	STANDARD	Dad	אבא	UNCHANGED	very_high	low	low	yes	word	true	image	dad	missing_ios	existing_android	none	Retain in the normalized curriculum.	medium
people_a	6	A	people	Man	איש	A	family_people	STANDARD	Man	איש	UNCHANGED	very_high	low	low	yes	word	true	image	man	missing_ios	existing_android	none	Retain in the normalized curriculum.	medium
people_a	7	A	people	Woman	אישה	A	family_people	STANDARD	Woman	אישה	UNCHANGED	very_high	low	low	yes	word	true	image	woman	missing_ios	existing_android	none	Retain in the normalized curriculum.	medium
people_a	8	A	people	Brothers	אחים	A	family_people	STANDARD	Brothers	אחים	UNCHANGED	very_high	medium	low	yes	word	true	image	brothers	missing_ios	existing_android	none	Retain in the normalized curriculum.	medium
people_a	9	A	people	Sisters	אחיות	A	family_people	STANDARD	Sisters	אחיות	UNCHANGED	very_high	low	low	yes	word	true	image	sisters	missing_ios	existing_android	none	Retain in the normalized curriculum.	medium
people_a	10	A	people	Friends	חברים	A	family_people	STANDARD	Friends	חברים	UNCHANGED	very_high	low	low	yes	word	true	image	friends	missing_ios	existing_android	none	Retain in the normalized curriculum.	medium
people_b	1	B	people	Grandpa	סבא	B	family_people	STANDARD	Grandpa	סבא	UNCHANGED	high	low	low	yes	word	true	image	grandpa	missing_ios	existing_android	none	Retain in the normalized curriculum.	medium
people_b	2	B	people	Grandma	סבתא	B	family_people	STANDARD	Grandma	סבתא	UNCHANGED	high	low	low	yes	word	true	image	grandma	missing_ios	existing_android	none	Retain in the normalized curriculum.	medium
people_b	3	B	people	Twins	תאומים	B	family_people	STANDARD	Twins	תאומים	UNCHANGED	high	low	low	yes	word	true	image	twins	missing_ios	existing_android	none	Retain in the normalized curriculum.	medium
people_b	4	B	people	Student	תלמיד	B	family_people	STANDARD	Student	תלמיד	UNCHANGED	high	low	low	yes	word	true	image	student	missing_ios	existing_android	none	Retain in the normalized curriculum.	medium
people_b	5	B	people	Family	משפחה	B	family_people	STANDARD	Family	משפחה	UNCHANGED	high	low	low	yes	word	true	image	family	missing_ios	existing_android	none	Retain in the normalized curriculum.	medium
people_b	6	B	people	Neighbor	שכן	B	family_people	STANDARD	Neighbor	שכן	UNCHANGED	high	medium	low	yes	word	true	image	neighbor	missing_ios	existing_android	none	Retain in the normalized curriculum.	medium
people_c	1	C	people	Bride	כלה	C	family_people	STANDARD	Bride	כלה	UNCHANGED	medium	low	low	yes	word	true	image	bride	missing_ios	existing_android	none	Retain in the normalized curriculum.	medium
people_c	2	C	people	Uncle	דוד	C	family_people	STANDARD	Uncle	דוד	UNCHANGED	medium	low	low	no	word	false	none		not_needed	not_needed	none	Retain in the normalized curriculum.	medium
people_c	3	C	people	Son	בן	C	family_people	STANDARD	Son	בן	UNCHANGED	medium	low	low	yes	word	true	image	son	missing_ios	existing_android	none	Retain in the normalized curriculum.	medium
people_c	4	C	people	Daughter	בת	C	family_people	STANDARD	Daughter	בת	UNCHANGED	medium	medium	low	yes	word	true	image	daughter	missing_ios	existing_android	none	Retain in the normalized curriculum.	medium
people_c	5	C	people	Cousin	בן דוד	C	family_people	STANDARD	Cousin	בן דוד	UNCHANGED	medium	low	medium	no	word	false	none		not_needed	not_needed	none	Retain in the normalized curriculum.	medium
people_c	6	C	people	Baby girl	תינוקת	C	family_people	STANDARD	Baby girl	תינוקת	UNCHANGED	medium	medium	low	yes	word	true	image	baby_girl	missing_ios	missing_android	none	Retain in the normalized curriculum.	medium
people_c	7	C	people	Baby boy	תינוק	C	family_people	STANDARD	Baby boy	תינוק	UNCHANGED	medium	medium	low	yes	word	true	image	baby_boy	missing_ios	missing_android	none	Retain in the normalized curriculum.	medium
people_c	8	C	people	Brother-in-law	גיס	C	family_people	STANDARD	Brother-in-law	גיס	UNCHANGED	medium	high	low	no	word	false	none		not_needed	not_needed	none	Retain in the normalized curriculum.	medium
people_c	9	C	people	Sister-in-law	גיסה	C	family_people	STANDARD	Sister-in-law	גיסה	UNCHANGED	medium	medium	low	no	word	false	none		not_needed	not_needed	none	Retain in the normalized curriculum.	medium
people_c	10	C	people	Husband	בעל	C	family_people	STANDARD	Husband	בעל	UNCHANGED	medium	low	low	no	word	false	none		not_needed	not_needed	none	Retain in the normalized curriculum.	medium
people_c	11	C	people	Wife	אישה	C	family_people	STANDARD	Wife	אישה	UNCHANGED	medium	low	low	no	word	false	none		not_needed	not_needed	none	Retain in the normalized curriculum.	medium
people_c	12	C	people	Siblings	אחים	C	family_people	STANDARD	Siblings	אחים	UNCHANGED	medium	medium	low	yes	word	true	image	siblings	missing_ios	existing_android	none	Retain in the normalized curriculum.	medium
people_c	13	C	people	Guest	אורח	C	family_people	STANDARD	Guest	אורח	UNCHANGED	medium	low	low	no	word	false	none		not_needed	not_needed	none	Retain in the normalized curriculum.	medium
people_c	14	C	people	Stranger	זר	C	family_people	STANDARD	Stranger	זר	LEVEL_MOVE	medium	medium	low	yes	word	true	image	stranger	missing_ios	existing_android	level_rebalance	Retain in the normalized curriculum.	medium
people_d	1	D	people	Nephew	אחיין	D	family_people	STANDARD	Nephew	אחיין	UNCHANGED	medium_low	low	low	no	word	false	none		not_needed	not_needed	none	Retain in the normalized curriculum.	medium
people_d	2	D	people	Niece	אחיינית	D	family_people	STANDARD	Niece	אחיינית	UNCHANGED	medium_low	low	low	no	word	false	none		not_needed	not_needed	none	Retain in the normalized curriculum.	medium
people_d	3	D	people	Grandchild	נכד	D	family_people	STANDARD	Grandchild	נכד	UNCHANGED	medium_low	medium	low	yes	word	true	image	grandchild	missing_ios	existing_android	none	Retain in the normalized curriculum.	medium
people_d	4	D	people	Stepfather	אב חורג	D	family_people	STANDARD	Stepfather	אב חורג	UNCHANGED	medium_low	medium	medium	no	word	false	none	stepfather	not_needed	not_needed	none	Retain in the normalized curriculum.	medium
people_d	5	D	people	Stepmother	אם חורגת	D	family_people	STANDARD	Stepmother	אם חורגת	UNCHANGED	medium_low	medium	medium	no	word	false	none	stepmother	not_needed	not_needed	none	Retain in the normalized curriculum.	medium
people_d	6	D	people	Stepson	בן חורג	D	family_people	STANDARD	Stepson	בן חורג	UNCHANGED	medium_low	low	medium	no	word	false	none	stepson	not_needed	not_needed	none	Retain in the normalized curriculum.	medium
people_d	7	D	people	Stepdaughter	בת חורגת	D	family_people	STANDARD	Stepdaughter	בת חורגת	UNCHANGED	medium_low	medium	medium	no	word	false	none	stepdaughter	not_needed	not_needed	none	Retain in the normalized curriculum.	medium
people_d	8	D	people	Relative	קרוב משפחה	D	family_people	STANDARD	Relative	קרוב משפחה	UNCHANGED	medium_low	medium	medium	no	word	false	none	relative	not_needed	not_needed	none	Retain in the normalized curriculum.	medium
people_d	9	D	people	Acquaintance	מכר	D	family_people	STANDARD	Acquaintance	מכר	UNCHANGED	medium_low	medium	low	no	word	false	none	acquaintance	not_needed	not_needed	none	Retain in the normalized curriculum.	medium
people_d	10	D	people	Ancestor	אב קדמון	D	family_people	STANDARD	Ancestor	אב קדמון	UNCHANGED	medium_low	medium	medium	no	word	false	none	ancestor	not_needed	not_needed	none	Retain in the normalized curriculum.	medium
people_d	11	D	people	Descendant	צאצא	D	family_people	STANDARD	Descendant	צאצא	UNCHANGED	medium_low	medium	low	no	word	false	none	descendant	not_needed	not_needed	none	Retain in the normalized curriculum.	medium
people_e	1	E	people	Fiancé	ארוס	E	family_people	STANDARD	Fiancé	ארוס	UNCHANGED	low	low	low	no	word	false	none	fiance	not_needed	not_needed	none	Retain in the normalized curriculum.	medium
people_e	2	E	people	Fiancée	ארוסה	E	family_people	STANDARD	Fiancée	ארוסה	UNCHANGED	low	low	low	no	word	false	none	fiancee	not_needed	not_needed	none	Retain in the normalized curriculum.	medium
people_e	3	E	people	Godfather	סנדק	E	family_people	STANDARD	Godfather	סנדק	UNCHANGED	low	medium	low	no	word	false	none	godfather	not_needed	not_needed	none	Retain in the normalized curriculum.	medium
people_e	4	E	people	Godmother	סנדקית	E	family_people	STANDARD	Godmother	סנדקית	UNCHANGED	low	medium	low	no	word	false	none	godmother	not_needed	not_needed	none	Retain in the normalized curriculum.	medium
people_e	5	E	people	Guardian	אפוטרופוס	E	family_people	STANDARD	Guardian	אפוטרופוס	UNCHANGED	low	medium	medium	no	word	false	none	guardian	not_needed	not_needed	none	Retain in the normalized curriculum.	medium
jobs_a	1	A	jobs	Soccer	כדורגל	A	sports	STANDARD	Soccer	כדורגל	CATEGORY_CORRECTION	very_high	low	low	no	word	false	none	soccer	not_needed	not_needed	category_misfit	Keep the concept only as future sports-domain inventory, not inside professions or current image-choice pools.	medium
jobs_a	2	A	jobs	Actor	שחקן	A	professions	STANDARD	Actor	שחקן	UNCHANGED	very_high	low	low	yes	word	true	image	actor	missing_ios	existing_android	none	Retain in the normalized curriculum.	medium
jobs_a	3	A	jobs	Baker	אופה	A	professions	STANDARD	Baker	אופה	UNCHANGED	very_high	low	low	yes	word	true	image	baker	missing_ios	existing_android	none	Retain in the normalized curriculum.	medium
jobs_a	4	A	jobs	Driver	נהג	A	professions	STANDARD	Driver	נהג	UNCHANGED	very_high	low	low	yes	word	true	image	driver	missing_ios	existing_android	none	Retain in the normalized curriculum.	medium
jobs_a	5	A	jobs	Farmer	חקלאי	A	professions	STANDARD	Farmer	חקלאי	UNCHANGED	very_high	low	low	yes	word	true	image	farmer	missing_ios	existing_android	none	Retain in the normalized curriculum.	medium
jobs_a	6	A	jobs	Singer	זמרת	A	professions	STANDARD	Singer	זמרת	UNCHANGED	very_high	low	low	yes	word	true	image	singer	missing_ios	existing_android	none	Retain in the normalized curriculum.	medium
jobs_a	7	A	jobs	Doctor	רופא	A	professions	STANDARD	Doctor	רופא	UNCHANGED	very_high	low	low	yes	word	true	image	doctor	missing_ios	existing_android	none	Retain in the normalized curriculum.	medium
jobs_a	8	A	jobs	Nurse	אחות	A	professions	STANDARD	Nurse	אחות	UNCHANGED	very_high	low	low	yes	word	true	image	nurse	missing_ios	existing_android	none	Retain in the normalized curriculum.	medium
jobs_a	9	A	jobs	Dancer	רקדנית	A	professions	STANDARD	Dancer	רקדנית	UNCHANGED	very_high	low	low	yes	word	true	image	dancer	missing_ios	existing_android	none	Retain in the normalized curriculum.	medium
jobs_b	1	B	jobs	Astronomer	אסטרונומית	B	professions	STANDARD	Astronomer	אסטרונומית	UNCHANGED	high	medium	medium	yes	word	true	image	astronomer	missing_ios	missing_android	none	Retain in the normalized curriculum.	medium
jobs_b	2	B	jobs	Teacher	מורה	B	professions	STANDARD	Teacher	מורה	UNCHANGED	high	low	low	yes	word	true	image	teacher	missing_ios	existing_android	none	Retain in the normalized curriculum.	medium
jobs_b	3	B	jobs	Police officer	שוטר	B	professions	STANDARD	Police officer	שוטר	UNCHANGED	high	high	low	yes	word	true	image	police_officer	missing_ios	existing_android	none	Retain in the normalized curriculum.	medium
jobs_b	4	B	jobs	Builder	בנאי	B	professions	STANDARD	Builder	בנאי	UNCHANGED	high	low	low	yes	word	true	image	builder	missing_ios	existing_android	none	Retain in the normalized curriculum.	medium
jobs_b	5	B	jobs	Tailor	חייט	B	professions	STANDARD	Tailor	חייט	UNCHANGED	high	low	low	yes	word	true	image	tailor	missing_ios	existing_android	none	Retain in the normalized curriculum.	medium
jobs_b	6	B	jobs	Manager	מנהל	B	professions	STANDARD	Manager	מנהל	UNCHANGED	high	low	low	yes	word	true	image	manager	missing_ios	missing_android	none	Retain in the normalized curriculum.	medium
jobs_b	7	B	jobs	Artist	אמן	B	professions	STANDARD	Artist	אמן	UNCHANGED	high	low	low	yes	word	true	image	artist	missing_ios	existing_android	none	Retain in the normalized curriculum.	medium
jobs_b	8	B	jobs	Pilot	טייס	B	professions	STANDARD	Pilot	טייס	UNCHANGED	high	low	low	yes	word	true	image	pilot	missing_ios	existing_android	none	Retain in the normalized curriculum.	medium
jobs_b	9	B	jobs	Sailor	מלח	B	professions	STANDARD	Sailor	מלח	UNCHANGED	high	low	low	yes	word	true	image	sailor	missing_ios	existing_android	none	Retain in the normalized curriculum.	medium
jobs_b	10	B	jobs	Firefighter	כבאית	B	professions	STANDARD	Firefighter	כבאית	UNCHANGED	high	medium	low	yes	word	true	image	firefighter	missing_ios	existing_android	none	Retain in the normalized curriculum.	medium
jobs_c	1	C	jobs	Chef	טבח	C	professions	STANDARD	Chef	טבח	UNCHANGED	medium	low	low	yes	word	true	image	chef	missing_ios	existing_android	none	Retain in the normalized curriculum.	medium
jobs_c	2	C	jobs	Carpenter	נגר	C	professions	STANDARD	Carpenter	נגר	UNCHANGED	medium	medium	low	yes	word	true	image	carpenter	missing_ios	existing_android	none	Retain in the normalized curriculum.	medium
jobs_c	3	C	jobs	Soldier	חייל	C	professions	STANDARD	Soldier	חייל	UNCHANGED	medium	low	low	yes	word	true	image	soldier	missing_ios	existing_android	none	Retain in the normalized curriculum.	medium
jobs_c	4	C	jobs	Cashier	קופאי	C	professions	STANDARD	Cashier	קופאי	UNCHANGED	medium	low	low	yes	word	true	image	cashier	missing_ios	existing_android	none	Retain in the normalized curriculum.	medium
jobs_c	5	C	jobs	Photographer	צלם	B	professions	STANDARD	Photographer	צלם	LEVEL_MOVE	high	medium	low	yes	word	true	image	photographer	missing_ios	existing_android	level_rebalance	Retain in the normalized curriculum.	medium
jobs_c	6	C	jobs	Mechanic	מכונאי	C	professions	STANDARD	Mechanic	מכונאי	UNCHANGED	medium	medium	low	yes	word	true	image	mechanic	missing_ios	existing_android	none	Retain in the normalized curriculum.	medium
jobs_c	7	C	jobs	Engineer	מהנדס	C	professions	STANDARD	Engineer	מהנדס	UNCHANGED	medium	medium	low	yes	word	true	image	engineer	missing_ios	existing_android	none	Retain in the normalized curriculum.	medium
jobs_c	8	C	jobs	Electrician	חשמלאי	C	professions	STANDARD	Electrician	חשמלאי	UNCHANGED	medium	medium	low	yes	word	true	image	electrician	missing_ios	existing_android	none	Retain in the normalized curriculum.	medium
jobs_c	9	C	jobs	Scientist	מדען	C	professions	STANDARD	Scientist	מדען	UNCHANGED	medium	medium	low	yes	word	true	image	scientist	missing_ios	existing_android	none	Retain in the normalized curriculum.	medium
jobs_c	10	C	jobs	Dentist	רופא שיניים	C	professions	STANDARD	Dentist	רופא שיניים	UNCHANGED	medium	low	medium	yes	word	true	image	dentist	missing_ios	existing_android	none	Retain in the normalized curriculum.	medium
jobs_c	11	C	jobs	Pharmacist	רוקח	C	professions	STANDARD	Pharmacist	רוקח	UNCHANGED	medium	medium	low	yes	word	true	image	pharmacist	missing_ios	existing_android	none	Retain in the normalized curriculum.	medium
jobs_c	12	C	jobs	Lawyer	עורך דין	C	professions	STANDARD	Lawyer	עורך דין	UNCHANGED	medium	low	medium	yes	word	true	image	lawyer	missing_ios	existing_android	none	Retain in the normalized curriculum.	medium
jobs_c	13	C	jobs	Judge	שופט	C	professions	STANDARD	Judge	שופט	UNCHANGED	medium	low	low	yes	word	true	image	judge	missing_ios	existing_android	none	Retain in the normalized curriculum.	medium
jobs_c	14	C	jobs	Designer	מעצב	C	professions	STANDARD	Designer	מעצב	UNCHANGED	medium	medium	low	yes	word	true	image	designer	missing_ios	existing_android	none	Retain in the normalized curriculum.	medium
jobs_c	15	C	jobs	Programmer	מתכנת	B	professions	STANDARD	Programmer	מתכנת	LEVEL_MOVE	high	medium	low	yes	word	true	image	programmer	missing_ios	existing_android	level_rebalance	Retain in the normalized curriculum.	medium
jobs_d	1	D	jobs	Veterinarian	וטרינר	D	professions	STANDARD	Veterinarian	וטרינר	UNCHANGED	medium_low	medium	low	yes	word	true	image	veterinarian	missing_ios	existing_android	none	Retain in the normalized curriculum.	medium
jobs_d	2	D	jobs	Plumber	שרברב	D	professions	STANDARD	Plumber	שרברב	UNCHANGED	medium_low	low	low	yes	word	true	image	plumber	missing_ios	missing_android	none	Retain in the normalized curriculum.	medium
jobs_d	3	D	jobs	Butcher	קצב	D	professions	STANDARD	Butcher	קצב	UNCHANGED	medium_low	low	low	yes	word	true	image	butcher	missing_ios	missing_android	none	Retain in the normalized curriculum.	medium
jobs_d	4	D	jobs	Musician	מוזיקאי	D	professions	STANDARD	Musician	מוזיקאי	UNCHANGED	medium_low	medium	low	yes	word	true	image	musician	missing_ios	existing_android	none	Retain in the normalized curriculum.	medium
jobs_d	5	D	jobs	Accountant	רואה חשבון	D	professions	STANDARD	Accountant	רואה חשבון	UNCHANGED	medium_low	medium	medium	yes	word	true	image	accountant	missing_ios	existing_android	none	Retain in the normalized curriculum.	medium
jobs_d	6	D	jobs	Journalist	עיתונאית	D	professions	STANDARD	Journalist	עיתונאית	UNCHANGED	medium_low	medium	medium	no	word	false	none	journalist	not_needed	not_needed	none	Retain in the normalized curriculum.	medium
jobs_d	7	D	jobs	Translator	מתרגם	D	professions	STANDARD	Translator	מתרגם	UNCHANGED	medium_low	medium	low	no	word	false	none	translator	not_needed	not_needed	none	Retain in the normalized curriculum.	medium
jobs_d	8	D	jobs	Architect	אדריכל	D	professions	STANDARD	Architect	אדריכל	UNCHANGED	medium_low	medium	low	yes	word	true	image	architect	missing_ios	existing_android	none	Retain in the normalized curriculum.	medium
jobs_d	9	D	jobs	Biologist	ביולוג	D	professions	STANDARD	Biologist	ביולוג	UNCHANGED	medium_low	medium	low	no	word	false	none	biologist	not_needed	not_needed	none	Retain in the normalized curriculum.	medium
jobs_d	10	D	jobs	Researcher	חוקר	D	professions	STANDARD	Researcher	חוקר	UNCHANGED	medium_low	medium	low	no	word	false	none	researcher	not_needed	not_needed	none	Retain in the normalized curriculum.	medium
jobs_d	11	D	jobs	Economist	כלכלן	D	professions	STANDARD	Economist	כלכלן	UNCHANGED	medium_low	medium	low	no	word	false	none	economist	not_needed	not_needed	none	Retain in the normalized curriculum.	medium
jobs_d	12	D	jobs	Geologist	גיאולוג	D	professions	STANDARD	Geologist	גיאולוג	UNCHANGED	medium_low	medium	low	no	word	false	none	geologist	not_needed	not_needed	none	Retain in the normalized curriculum.	medium
jobs_e	1	E	jobs	Psychologist	פסיכולוג	E	professions	STANDARD	Psychologist	פסיכולוג	UNCHANGED	low	medium	medium	no	word	false	none	psychologist	not_needed	not_needed	none	Retain in the normalized curriculum.	medium
jobs_e	2	E	jobs	Paramedic	פרמדיק	E	professions	STANDARD	Paramedic	פרמדיק	UNCHANGED	low	medium	low	yes	word	true	image	paramedic	missing_ios	existing_android	none	Retain in the normalized curriculum.	medium
jobs_e	3	E	jobs	Physicist	פיזיקאי	E	professions	STANDARD	Physicist	פיזיקאי	UNCHANGED	low	medium	low	no	word	false	none	physicist	not_needed	not_needed	none	Retain in the normalized curriculum.	medium
jobs_e	4	E	jobs	Librarian	ספרנית	E	professions	STANDARD	Librarian	ספרנית	UNCHANGED	low	medium	low	yes	word	true	image	librarian	missing_ios	existing_android	none	Retain in the normalized curriculum.	medium
jobs_e	5	E	jobs	Sociologist	סוציולוג	E	professions	EXCLUDED_EXPERT	Sociologist	סוציולוג	EXCLUDED_EXPERT	specialized	medium	medium	yes	word	true	image	sociologist	missing_ios	missing_android	expert_or_low_value	Archive from the standard path because this term is too niche or trivia-heavy for the intended age bands.	high
jobs_e	6	E	jobs	Anthropologist	אנתרופולוג	E	professions	EXCLUDED_EXPERT	Anthropologist	אנתרופולוג	EXCLUDED_EXPERT	specialized	high	medium	yes	word	true	image	anthropologist	missing_ios	existing_android	expert_or_low_value	Archive from the standard path because this term is too niche or trivia-heavy for the intended age bands.	high
jobs_e	7	E	jobs	Archaeologist	ארכאולוג	E	professions	EXCLUDED_EXPERT	Archaeologist	ארכאולוג	EXCLUDED_EXPERT	specialized	medium	medium	yes	word	true	image	archaeologist	missing_ios	existing_android	expert_or_low_value	Archive from the standard path because this term is too niche or trivia-heavy for the intended age bands.	high
directions_a	1	A	directions	Up	למעלה	A	directions	STANDARD	Up	למעלה	UNCHANGED	very_high	low	low	no	word	false	none	up	not_needed	not_needed	none	Retain in the normalized curriculum.	medium
directions_a	2	A	directions	Down	למטה	A	directions	STANDARD	Down	למטה	UNCHANGED	very_high	low	low	no	word	false	none	down	not_needed	not_needed	none	Retain in the normalized curriculum.	medium
directions_a	3	A	directions	Right	ימינה	A	directions	STANDARD	Right	ימינה	UNCHANGED	very_high	low	low	no	word	false	none	right	not_needed	not_needed	none	Retain in the normalized curriculum.	medium
directions_a	4	A	directions	Left	שמאלה	A	directions	STANDARD	Left	שמאלה	UNCHANGED	very_high	low	low	no	word	false	none	left	not_needed	not_needed	none	Retain in the normalized curriculum.	medium
directions_a	5	A	directions	Near	קרוב	A	directions	STANDARD	Near	קרוב	UNCHANGED	very_high	low	low	no	word	false	none	near	not_needed	not_needed	none	Retain in the normalized curriculum.	medium
directions_a	6	A	directions	Far	רחוק	A	directions	STANDARD	Far	רחוק	UNCHANGED	very_high	low	low	no	word	false	none	far	not_needed	not_needed	none	Retain in the normalized curriculum.	medium
directions_b	1	B	directions	Forward	קדימה	B	directions	STANDARD	Forward	קדימה	UNCHANGED	high	low	low	no	word	false	none	forward	not_needed	not_needed	none	Retain in the normalized curriculum.	medium
directions_b	2	B	directions	Backward	אחורה	B	directions	STANDARD	Backward	אחורה	UNCHANGED	high	medium	low	no	word	false	none	backward	not_needed	not_needed	none	Retain in the normalized curriculum.	medium
directions_b	3	B	directions	Behind	מאחורי	B	directions	STANDARD	Behind	מאחורי	UNCHANGED	high	low	low	no	word	false	none	behind	not_needed	not_needed	none	Retain in the normalized curriculum.	medium
directions_b	4	B	directions	Inside	בפנים	B	directions	STANDARD	Inside	בפנים	UNCHANGED	high	low	low	no	word	false	none	inside	not_needed	not_needed	none	Retain in the normalized curriculum.	medium
directions_b	5	B	directions	Outside	בחוץ	B	directions	STANDARD	Outside	בחוץ	UNCHANGED	high	low	low	no	word	false	none	outside	not_needed	not_needed	none	Retain in the normalized curriculum.	medium
directions_c	1	C	directions	In front of	לפני	C	directions	STANDARD	In front of	לפני	UNCHANGED	medium	high	low	no	word	false	none	in_front_of	not_needed	not_needed	none	Retain in the normalized curriculum.	medium
directions_c	2	C	directions	North	צפון	C	directions	STANDARD	North	צפון	UNCHANGED	medium	low	low	no	word	false	none	north	not_needed	not_needed	none	Retain in the normalized curriculum.	medium
directions_c	3	C	directions	South	דרום	C	directions	STANDARD	South	דרום	UNCHANGED	medium	low	low	no	word	false	none	south	not_needed	not_needed	none	Retain in the normalized curriculum.	medium
directions_c	4	C	directions	East	מזרח	C	directions	STANDARD	East	מזרח	UNCHANGED	medium	low	low	no	word	false	none	east	not_needed	not_needed	none	Retain in the normalized curriculum.	medium
directions_c	5	C	directions	West	מערב	C	directions	STANDARD	West	מערב	UNCHANGED	medium	low	low	no	word	false	none	west	not_needed	not_needed	none	Retain in the normalized curriculum.	medium
directions_c	6	C	directions	Along	לאורך	C	directions	STANDARD	Along	לאורך	UNCHANGED	medium	low	low	no	word	false	none	along	not_needed	not_needed	none	Retain in the normalized curriculum.	medium
directions_c	7	C	directions	Across	מעבר ל	C	directions	STANDARD	Across	מעבר ל	UNCHANGED	medium	low	medium	no	word	false	none	across	not_needed	not_needed	none	Retain in the normalized curriculum.	medium
directions_c	8	C	directions	Through	דרך	C	directions	STANDARD	Through	דרך	UNCHANGED	medium	low	low	no	word	false	none	through	not_needed	not_needed	none	Retain in the normalized curriculum.	medium
directions_c	9	C	directions	Toward	לעבר	C	directions	STANDARD	Toward	לעבר	UNCHANGED	medium	low	low	no	word	false	none	toward	not_needed	not_needed	none	Retain in the normalized curriculum.	medium
directions_c	10	C	directions	Around	מסביב	C	directions	STANDARD	Around	מסביב	UNCHANGED	medium	low	low	no	word	false	none	around	not_needed	not_needed	none	Retain in the normalized curriculum.	medium
directions_c	11	C	directions	Uphill	במעלה	C	directions	STANDARD	Uphill	במעלה	UNCHANGED	medium	low	low	no	word	false	none	uphill	not_needed	not_needed	none	Retain in the normalized curriculum.	medium
directions_c	12	C	directions	Downhill	במורד	C	directions	STANDARD	Downhill	במורד	UNCHANGED	medium	medium	low	no	word	false	none	downhill	not_needed	not_needed	none	Retain in the normalized curriculum.	medium
directions_d	1	D	directions	Northeast	צפון-מזרח	D	directions	STANDARD	Northeast	צפון-מזרח	UNCHANGED	medium_low	medium	medium	no	word	false	none	northeast	not_needed	not_needed	none	Retain in the normalized curriculum.	medium
directions_d	2	D	directions	Northwest	צפון-מערב	D	directions	STANDARD	Northwest	צפון-מערב	UNCHANGED	medium_low	medium	medium	no	word	false	none	northwest	not_needed	not_needed	none	Retain in the normalized curriculum.	medium
directions_d	3	D	directions	Southeast	דרום-מזרח	D	directions	STANDARD	Southeast	דרום-מזרח	UNCHANGED	medium_low	medium	medium	no	word	false	none	southeast	not_needed	not_needed	none	Retain in the normalized curriculum.	medium
directions_d	4	D	directions	Southwest	דרום-מערב	D	directions	STANDARD	Southwest	דרום-מערב	UNCHANGED	medium_low	medium	medium	no	word	false	none	southwest	not_needed	not_needed	none	Retain in the normalized curriculum.	medium
directions_d	5	D	directions	Clockwise	עם כיוון השעון	D	directions	STANDARD	Clockwise	עם כיוון השעון	UNCHANGED	medium_low	medium	high	no	word	false	none	clockwise	not_needed	not_needed	none	Retain in the normalized curriculum.	medium
directions_d	6	D	directions	Parallel	מקביל	D	directions	STANDARD	Parallel	מקביל	UNCHANGED	medium_low	medium	low	no	word	false	none	parallel	not_needed	not_needed	none	Retain in the normalized curriculum.	medium
directions_d	7	D	directions	Diagonal	באלכסון	D	directions	STANDARD	Diagonal	באלכסון	UNCHANGED	medium_low	medium	low	no	word	false	none	diagonal	not_needed	not_needed	none	Retain in the normalized curriculum.	medium
directions_d	8	D	directions	Upstream	במעלה הזרם	D	directions	STANDARD	Upstream	במעלה הזרם	UNCHANGED	medium_low	medium	medium	no	word	false	none	upstream	not_needed	not_needed	none	Retain in the normalized curriculum.	medium
directions_d	9	D	directions	Downstream	במורד הזרם	D	directions	STANDARD	Downstream	במורד הזרם	UNCHANGED	medium_low	medium	medium	no	word	false	none	downstream	not_needed	not_needed	none	Retain in the normalized curriculum.	medium
directions_e	1	E	directions	Counterclockwise	נגד כיוון השעון	E	directions	STANDARD	Counterclockwise	נגד כיוון השעון	LEVEL_MOVE	low	high	high	no	word	false	none	counterclockwise	not_needed	not_needed	level_rebalance	Retain in the normalized curriculum.	medium
directions_e	2	E	directions	Perpendicular	מאונך	E	directions	STANDARD	Perpendicular	מאונך	UNCHANGED	low	medium	low	no	word	false	none	perpendicular	not_needed	not_needed	none	Retain in the normalized curriculum.	medium
animals_a	1	A	animals	Dog	כלב	A	animals	STANDARD	Dog	כלב	UNCHANGED	very_high	low	low	yes	word	true	image	dog	missing_ios	existing_android	none	Retain in the normalized curriculum.	medium
animals_a	2	A	animals	Cat	חתול	A	animals	STANDARD	Cat	חתול	UNCHANGED	very_high	low	low	yes	word	true	image	cat	missing_ios	existing_android	none	Retain in the normalized curriculum.	medium
animals_a	3	A	animals	Fish	דג	A	animals	STANDARD	Fish	דג	UNCHANGED	very_high	low	low	yes	word	true	image	fish	missing_ios	existing_android	none	Retain in the normalized curriculum.	medium
animals_a	4	A	animals	Bird	ציפור	A	animals	STANDARD	Bird	ציפור	UNCHANGED	very_high	low	low	yes	word	true	image	bird	missing_ios	existing_android	none	Retain in the normalized curriculum.	medium
animals_a	5	A	animals	Cow	פרה	A	animals	STANDARD	Cow	פרה	UNCHANGED	very_high	low	low	yes	word	true	image	cow	missing_ios	existing_android	none	Retain in the normalized curriculum.	medium
animals_a	6	A	animals	Horse	סוס	A	animals	STANDARD	Horse	סוס	UNCHANGED	very_high	low	low	yes	word	true	image	horse	missing_ios	existing_android	none	Retain in the normalized curriculum.	medium
animals_a	7	A	animals	Pig	חזיר	A	animals	STANDARD	Pig	חזיר	UNCHANGED	very_high	low	low	yes	word	true	image	pig	missing_ios	existing_android	none	Retain in the normalized curriculum.	medium
animals_a	8	A	animals	Fox	שועל	A	animals	STANDARD	Fox	שועל	UNCHANGED	very_high	low	low	yes	word	true	image	fox	missing_ios	existing_android	none	Retain in the normalized curriculum.	medium
animals_a	9	A	animals	Duck	ברווז	A	animals	STANDARD	Duck	ברווז	UNCHANGED	very_high	low	low	yes	word	true	image	duck	missing_ios	existing_android	none	Retain in the normalized curriculum.	medium
animals_a	10	A	animals	Goose	אווז	A	animals	STANDARD	Goose	אווז	UNCHANGED	very_high	low	low	yes	word	true	image	goose	missing_ios	existing_android	none	Retain in the normalized curriculum.	medium
animals_a	11	A	animals	Frog	צפרדע	A	animals	STANDARD	Frog	צפרדע	UNCHANGED	very_high	low	low	yes	word	true	image	frog	missing_ios	existing_android	none	Retain in the normalized curriculum.	medium
animals_b	1	B	animals	Lion	אריה	B	animals	STANDARD	Lion	אריה	UNCHANGED	high	low	low	yes	word	true	image	lion	missing_ios	existing_android	none	Retain in the normalized curriculum.	medium
animals_b	2	B	animals	Tiger	נמר	B	animals	STANDARD	Tiger	נמר	UNCHANGED	high	low	low	yes	word	true	image	tiger	missing_ios	existing_android	none	Retain in the normalized curriculum.	medium
animals_b	3	B	animals	Bear	דוב	B	animals	STANDARD	Bear	דוב	UNCHANGED	high	low	low	yes	word	true	image	bear	missing_ios	existing_android	none	Retain in the normalized curriculum.	medium
animals_b	4	B	animals	Monkey	קוף	B	animals	STANDARD	Monkey	קוף	UNCHANGED	high	low	low	yes	word	true	image	monkey	missing_ios	existing_android	none	Retain in the normalized curriculum.	medium
animals_b	5	B	animals	Zebra	זברה	B	animals	STANDARD	Zebra	זברה	UNCHANGED	high	low	low	yes	word	true	image	zebra	missing_ios	existing_android	none	Retain in the normalized curriculum.	medium
animals_b	6	B	animals	Mouse	עכבר	B	animals	STANDARD	Mouse	עכבר	UNCHANGED	high	low	low	yes	word	true	image	mouse	missing_ios	existing_android	none	Retain in the normalized curriculum.	medium
animals_b	7	B	animals	Sheep	כבשה	B	animals	STANDARD	Sheep	כבשה	UNCHANGED	high	low	low	yes	word	true	image	sheep	missing_ios	existing_android	none	Retain in the normalized curriculum.	medium
animals_b	8	B	animals	Wolf	זאב	B	animals	STANDARD	Wolf	זאב	UNCHANGED	high	low	low	yes	word	true	image	wolf	missing_ios	existing_android	none	Retain in the normalized curriculum.	medium
animals_b	9	B	animals	Rabbit	ארנב	A	animals	STANDARD	Rabbit	ארנב	LEVEL_MOVE	very_high	low	low	yes	word	true	image	rabbit	missing_ios	existing_android	level_rebalance	Retain in the normalized curriculum.	medium
animals_c	1	C	animals	Turtle	צב	C	animals	STANDARD	Turtle	צב	UNCHANGED	medium	low	low	yes	word	true	image	turtle	missing_ios	existing_android	none	Retain in the normalized curriculum.	medium
animals_c	2	C	animals	Kangaroo	קנגורו	B	animals	STANDARD	Kangaroo	קנגורו	LEVEL_MOVE	high	medium	low	yes	word	true	image	kangaroo	missing_ios	existing_android	level_rebalance	Retain in the normalized curriculum.	medium
animals_c	3	C	animals	Snake	נחש	C	animals	STANDARD	Snake	נחש	UNCHANGED	medium	low	low	yes	word	true	image	snake	missing_ios	existing_android	none	Retain in the normalized curriculum.	medium
animals_c	4	C	animals	Goat	עז	A	animals	STANDARD	Goat	עז	LEVEL_MOVE	very_high	low	low	yes	word	true	image	goat	missing_ios	existing_android	level_rebalance	Retain in the normalized curriculum.	medium
animals_c	5	C	animals	Whale	לווייתן	C	animals	STANDARD	Whale	לווייתן	UNCHANGED	medium	low	low	yes	word	true	image	whale	missing_ios	existing_android	none	Retain in the normalized curriculum.	medium
animals_c	6	C	animals	Dolphin	דולפין	C	animals	STANDARD	Dolphin	דולפין	UNCHANGED	medium	low	low	yes	word	true	image	dolphin	missing_ios	existing_android	none	Retain in the normalized curriculum.	medium
animals_c	7	C	animals	Shark	כריש	C	animals	STANDARD	Shark	כריש	UNCHANGED	medium	low	low	yes	word	true	image	shark	missing_ios	existing_android	none	Retain in the normalized curriculum.	medium
animals_c	8	C	animals	Chicken	תרנגולת	C	animals	STANDARD	Chicken	תרנגולת	UNCHANGED	medium	low	low	yes	word	true	image	chicken	missing_ios	existing_android	none	Retain in the normalized curriculum.	medium
animals_c	9	C	animals	Alligator	תנין	C	animals	STANDARD	Alligator	תנין	UNCHANGED	medium	medium	low	yes	word	true	image	alligator	missing_ios	existing_android	none	Retain in the normalized curriculum.	medium
animals_c	10	C	animals	Elephant	פיל	C	animals	STANDARD	Elephant	פיל	UNCHANGED	medium	medium	low	yes	word	true	image	elephant	missing_ios	existing_android	none	Retain in the normalized curriculum.	medium
transport_a	1	A	transport	Toy	צעצוע	A	toys_games	STANDARD	Toy	צעצוע	UNCHANGED	very_high	low	low	yes	word	true	image	toy	missing_ios	existing_android	none	Retain in the normalized curriculum.	medium
transport_a	2	A	transport	Wheel	גלגל	A	transport	STANDARD	Wheel	גלגל	UNCHANGED	very_high	low	low	yes	word	true	image	wheel	missing_ios	existing_android	none	Retain in the normalized curriculum.	medium
transport_a	3	A	transport	Bus	אוטובוס	A	transport	STANDARD	Bus	אוטובוס	UNCHANGED	very_high	low	low	yes	word	true	image	bus	missing_ios	existing_android	none	Retain in the normalized curriculum.	medium
transport_a	4	A	transport	Train	רכבת	A	transport	STANDARD	Train	רכבת	UNCHANGED	very_high	low	low	yes	word	true	image	train	missing_ios	existing_android	none	Retain in the normalized curriculum.	medium
transport_a	5	A	transport	Stopper	פקק	A	household	STANDARD	Stopper	פקק	CATEGORY_CORRECTION	very_high	low	low	yes	word	true	image	stopper	missing_ios	existing_android	category_misfit,polluted_category	Retain in the normalized curriculum.	medium
transport_a	6	A	transport	Car	מכונית	A	transport	STANDARD	Car	מכונית	UNCHANGED	very_high	low	low	yes	word	true	image	car	missing_ios	existing_android	none	Retain in the normalized curriculum.	medium
transport_a	7	A	transport	Bed	מיטה	A	household	STANDARD	Bed	מיטה	CATEGORY_CORRECTION	very_high	low	low	yes	word	true	image	bed	missing_ios	existing_android	category_misfit,polluted_category	Retain in the normalized curriculum.	medium
transport_a	8	A	transport	Lamp	מנורה	A	household	STANDARD	Lamp	מנורה	CATEGORY_CORRECTION	very_high	low	low	yes	word	true	image	lamp	missing_ios	existing_android	category_misfit,polluted_category	Retain in the normalized curriculum.	medium
transport_a	9	A	transport	Ship	ספינה	A	transport	STANDARD	Ship	ספינה	UNCHANGED	very_high	low	low	yes	word	true	image	ship	missing_ios	existing_android	none	Retain in the normalized curriculum.	medium
transport_b	1	B	transport	Traffic light	רמזור	B	transport	STANDARD	Traffic light	רמזור	UNCHANGED	high	medium	low	yes	word	true	image	traffic_light	missing_ios	existing_android	none	Retain in the normalized curriculum.	medium
transport_b	2	B	transport	Square	ריבוע	B	shapes	STANDARD	Square	ריבוע	CATEGORY_CORRECTION	high	low	low	yes	word	true	image	square	missing_ios	existing_android	category_misfit,polluted_category	Retain in the normalized curriculum.	medium
transport_b	3	B	transport	Lid	מכסה	B	household	STANDARD	Lid	מכסה	CATEGORY_CORRECTION	high	low	low	yes	word	true	image	lid	missing_ios	existing_android	category_misfit,polluted_category	Retain in the normalized curriculum.	medium
transport_b	4	B	transport	Bicycle	אופניים	B	transport	STANDARD	Bicycle	אופניים	UNCHANGED	high	low	low	yes	word	true	image	bicycle	missing_ios	existing_android	none	Retain in the normalized curriculum.	medium
transport_b	5	B	transport	Locomotive	קטר	C	transport	STANDARD	Locomotive	קטר	LEVEL_MOVE	medium	medium	low	yes	word	true	image	locomotive	missing_ios	existing_android	level_rebalance	Retain in the normalized curriculum.	medium
transport_b	6	B	transport	Plane	מטוס	B	transport	STANDARD	Plane	מטוס	UNCHANGED	high	low	low	yes	word	true	image	plane	missing_ios	existing_android	none	Retain in the normalized curriculum.	medium
transport_b	7	B	transport	House	בית	B	household	STANDARD	House	בית	CATEGORY_CORRECTION	high	low	low	yes	word	true	image	house	missing_ios	existing_android	category_misfit,polluted_category	Retain in the normalized curriculum.	medium
home_a	1	A	home	Boat	סירה	A	transport	STANDARD	Boat	סירה	UNCHANGED	very_high	low	low	yes	word	true	image	boat	missing_ios	existing_android	none	Retain in the normalized curriculum.	medium
home_a	2	A	home	Table	שולחן	A	household	STANDARD	Table	שולחן	UNCHANGED	very_high	low	low	yes	word	true	image	table	missing_ios	existing_android	none	Retain in the normalized curriculum.	medium
home_a	3	A	home	Truck	משאית	A	transport	STANDARD	Truck	משאית	UNCHANGED	very_high	low	low	yes	word	true	image	truck	missing_ios	existing_android	none	Retain in the normalized curriculum.	medium
home_a	4	A	home	Chair	כיסא	A	household	STANDARD	Chair	כיסא	UNCHANGED	very_high	low	low	yes	word	true	image	chair	missing_ios	existing_android	none	Retain in the normalized curriculum.	medium
home_a	5	A	home	Door	דלת	A	household	STANDARD	Door	דלת	UNCHANGED	very_high	low	low	yes	word	true	image	door	missing_ios	existing_android	none	Retain in the normalized curriculum.	medium
home_a	6	A	home	Window	חלון	A	household	STANDARD	Window	חלון	UNCHANGED	very_high	low	low	yes	word	true	image	window	missing_ios	existing_android	none	Retain in the normalized curriculum.	medium
home_a	7	A	home	Sofa	ספה	A	household	STANDARD	Sofa	ספה	UNCHANGED	very_high	low	low	yes	word	true	image	sofa	missing_ios	existing_android	none	Retain in the normalized curriculum.	medium
home_a	8	A	home	Taxi	מונית	A	transport	STANDARD	Taxi	מונית	UNCHANGED	very_high	low	low	yes	word	true	image	taxi	missing_ios	existing_android	none	Retain in the normalized curriculum.	medium
home_a	9	A	home	Cup	כוס	A	household	STANDARD	Cup	כוס	UNCHANGED	very_high	low	low	yes	word	true	image	cup	missing_ios	existing_android	none	Retain in the normalized curriculum.	medium
home_a	10	A	home	Plate	צלחת	A	household	STANDARD	Plate	צלחת	UNCHANGED	very_high	low	low	yes	word	true	image	plate	missing_ios	existing_android	none	Retain in the normalized curriculum.	medium
home_b	1	B	home	Motorcycle	אופנוע	B	transport	STANDARD	Motorcycle	אופנוע	UNCHANGED	high	medium	low	yes	word	true	image	motorcycle	missing_ios	existing_android	none	Retain in the normalized curriculum.	medium
home_b	2	B	home	Clock	שעון	B	household	STANDARD	Clock	שעון	UNCHANGED	high	low	low	yes	word	true	image	clock	missing_ios	existing_android	none	Retain in the normalized curriculum.	medium
home_b	3	B	home	Phone	טלפון	B	household	STANDARD	Phone	טלפון	UNCHANGED	high	low	low	yes	word	true	image	phone	missing_ios	existing_android	none	Retain in the normalized curriculum.	medium
home_b	4	B	home	Desk	שולחן כתיבה	B	household	STANDARD	Desk	שולחן כתיבה	UNCHANGED	high	low	medium	yes	word	true	image	desk	missing_ios	existing_android	none	Retain in the normalized curriculum.	medium
home_b	5	B	home	Oven	תנור	B	household	STANDARD	Oven	תנור	UNCHANGED	high	low	low	yes	word	true	image	oven	missing_ios	existing_android	none	Retain in the normalized curriculum.	medium
home_b	6	B	home	Sink	כיור	B	household	STANDARD	Sink	כיור	UNCHANGED	high	low	low	yes	word	true	image	sink	missing_ios	existing_android	none	Retain in the normalized curriculum.	medium
home_b	7	B	home	Soap	סבון	B	household	STANDARD	Soap	סבון	UNCHANGED	high	low	low	yes	word	true	image	soap	missing_ios	existing_android	none	Retain in the normalized curriculum.	medium
home_b	8	B	home	Closet	ארון	B	household	STANDARD	Closet	ארון	UNCHANGED	high	low	low	yes	word	true	image	closet	missing_ios	existing_android	none	Retain in the normalized curriculum.	medium
home_b	9	B	home	Rug	שטיח	B	household	STANDARD	Rug	שטיח	UNCHANGED	high	low	low	yes	word	true	image	rug	missing_ios	existing_android	none	Retain in the normalized curriculum.	medium
home_b	10	B	home	Basket	סל	B	household	STANDARD	Basket	סל	UNCHANGED	high	low	low	yes	word	true	image	basket	missing_ios	existing_android	none	Retain in the normalized curriculum.	medium
home_b	11	B	home	Balcony	מרפסת	B	household	STANDARD	Balcony	מרפסת	UNCHANGED	high	low	low	yes	word	true	image	balcony	missing_ios	existing_android	none	Retain in the normalized curriculum.	medium
home_c	1	C	home	Towel	מגבת	C	household	STANDARD	Towel	מגבת	UNCHANGED	medium	low	low	yes	word	true	image	towel	missing_ios	existing_android	none	Retain in the normalized curriculum.	medium
home_c	2	C	home	Fridge	מקרר	C	household	STANDARD	Fridge	מקרר	UNCHANGED	medium	low	low	yes	word	true	image	fridge	missing_ios	existing_android	none	Retain in the normalized curriculum.	medium
home_c	3	C	home	Blanket	שמיכה	C	household	STANDARD	Blanket	שמיכה	UNCHANGED	medium	low	low	yes	word	true	image	blanket	missing_ios	existing_android	none	Retain in the normalized curriculum.	medium
home_c	4	C	home	Stove	כיריים	C	household	STANDARD	Stove	כיריים	UNCHANGED	medium	low	low	yes	word	true	image	stove	missing_ios	existing_android	none	Retain in the normalized curriculum.	medium
home_c	5	C	home	Shower	מקלחת	C	household	STANDARD	Shower	מקלחת	UNCHANGED	medium	low	low	yes	word	true	image	shower	missing_ios	existing_android	none	Retain in the normalized curriculum.	medium
home_c	6	C	home	Bathtub	אמבטיה	C	household	STANDARD	Bathtub	אמבטיה	UNCHANGED	medium	low	low	yes	word	true	image	bathtub	missing_ios	existing_android	none	Retain in the normalized curriculum.	medium
home_c	7	C	home	Toothbrush	מברשת שיניים	C	household	STANDARD	Toothbrush	מברשת שיניים	UNCHANGED	medium	medium	medium	yes	word	true	image	toothbrush	missing_ios	existing_android	none	Retain in the normalized curriculum.	medium
home_c	8	C	home	Toothpaste	משחת שיניים	C	household	STANDARD	Toothpaste	משחת שיניים	UNCHANGED	medium	medium	medium	yes	word	true	image	toothpaste	missing_ios	existing_android	none	Retain in the normalized curriculum.	medium
home_c	9	C	home	Drawer	מגירה	C	household	STANDARD	Drawer	מגירה	UNCHANGED	medium	low	low	yes	word	true	image	drawer	missing_ios	existing_android	none	Retain in the normalized curriculum.	medium
home_c	10	C	home	Shelf	מדף	C	household	STANDARD	Shelf	מדף	UNCHANGED	medium	low	low	yes	word	true	image	shelf	missing_ios	existing_android	none	Retain in the normalized curriculum.	medium
home_c	11	C	home	Curtain	וילון	C	household	STANDARD	Curtain	וילון	UNCHANGED	medium	low	low	yes	word	true	image	curtain	missing_ios	existing_android	none	Retain in the normalized curriculum.	medium
home_c	12	C	home	Dryer	מייבש כביסה	C	household	STANDARD	Dryer	מייבש כביסה	UNCHANGED	medium	low	medium	yes	word	true	image	dryer	missing_ios	existing_android	none	Retain in the normalized curriculum.	medium
home_c	13	C	home	Microwave	מיקרוגל	C	household	STANDARD	Microwave	מיקרוגל	UNCHANGED	medium	medium	low	yes	word	true	image	microwave	missing_ios	existing_android	none	Retain in the normalized curriculum.	medium
home_c	14	C	home	Bookshelf	כוננית ספרים	C	household	STANDARD	Bookshelf	כוננית ספרים	UNCHANGED	medium	medium	medium	yes	word	true	image	bookshelf	missing_ios	existing_android	none	Retain in the normalized curriculum.	medium
home_c	15	C	home	Washing Machine	מכונת כביסה	C	household	STANDARD	Washing Machine	מכונת כביסה	UNCHANGED	medium	high	medium	yes	word	true	image	washing_machine	missing_ios	existing_android	none	Retain in the normalized curriculum.	medium
home_d	1	D	home	Dishwasher	מדיח כלים	D	household	STANDARD	Dishwasher	מדיח כלים	UNCHANGED	medium_low	medium	medium	yes	word	true	image	dishwasher	missing_ios	existing_android	none	Retain in the normalized curriculum.	medium
home_d	2	D	home	Vacuum Cleaner	שואב אבק	D	household	STANDARD	Vacuum Cleaner	שואב אבק	UNCHANGED	medium_low	high	medium	yes	word	true	image	vacuum_cleaner	missing_ios	existing_android	none	Retain in the normalized curriculum.	medium
home_d	3	D	home	Air Conditioner	מזגן	C	household	STANDARD	Air Conditioner	מזגן	LEVEL_MOVE	medium	high	low	yes	word	true	image	air_conditioner	missing_ios	existing_android	level_rebalance	Retain in the normalized curriculum.	medium
home_d	4	D	home	Mattress	מזרן	D	household	STANDARD	Mattress	מזרן	UNCHANGED	medium_low	medium	low	yes	word	true	image	mattress	missing_ios	existing_android	none	Retain in the normalized curriculum.	medium
home_d	5	D	home	Conditioner	מרכך שיער	D	personal_care	STANDARD	Hair conditioner	מרכך שיער	TEXT_REPAIR	medium_low	high	medium	yes	word	true	image	hair_conditioner	missing_ios	missing_android	text_or_translation_repair,category_misfit	Disambiguate the grooming product from climate-control equipment.	high
home_d	6	D	home	Smoke Detector	גלאי עשן	D	household	STANDARD	Smoke Detector	גלאי עשן	UNCHANGED	medium_low	high	medium	yes	word	true	image	smoke_detector	missing_ios	existing_android	none	Retain in the normalized curriculum.	medium
home_e	1	E	home	Thermostat	תרמוסטט	E	household	STANDARD	Thermostat	תרמוסטט	UNCHANGED	low	medium	low	yes	word	true	image	thermostat	missing_ios	existing_android	none	Retain in the normalized curriculum.	medium
home_e	2	E	home	Power Outlet	שקע חשמל	E	household	STANDARD	Power Outlet	שקע חשמל	UNCHANGED	low	medium	medium	yes	word	true	image	power_outlet	missing_ios	existing_android	none	Retain in the normalized curriculum.	medium
home_e	3	E	home	Extension Cord	כבל מאריך	E	household	STANDARD	Extension Cord	כבל מאריך	UNCHANGED	low	high	medium	yes	word	true	image	extension_cord	missing_ios	existing_android	none	Retain in the normalized curriculum.	medium
home_e	4	E	home	Recycling Bin	פח מחזור	E	household	STANDARD	Recycling Bin	פח מחזור	UNCHANGED	low	medium	medium	yes	word	true	image	recycling_bin	missing_ios	existing_android	none	Retain in the normalized curriculum.	medium
home_e	5	E	home	Laundry Detergent	אבקת כביסה	E	household	STANDARD	Laundry Detergent	אבקת כביסה	UNCHANGED	low	high	medium	yes	word	true	image	laundry_detergent	missing_ios	existing_android	none	Retain in the normalized curriculum.	medium
home_e	6	E	home	Humidifier	מכשיר אדים	E	household	STANDARD	Humidifier	מכשיר אדים	UNCHANGED	low	medium	medium	yes	word	true	image	humidifier	missing_ios	existing_android	none	Retain in the normalized curriculum.	medium
home_e	7	E	home	Dehumidifier	מייבש לחות	E	household	STANDARD	Dehumidifier	מייבש לחות	UNCHANGED	low	medium	medium	yes	word	true	image	dehumidifier	missing_ios	existing_android	none	Retain in the normalized curriculum.	medium
colors_a	1	A	colors	Red	אדום	A	colors	STANDARD	Red	אדום	UNCHANGED	very_high	low	low	yes	word	true	image	red	missing_ios	existing_android	none	Retain in the normalized curriculum.	medium
colors_a	2	A	colors	Blue	כחול	A	colors	STANDARD	Blue	כחול	UNCHANGED	very_high	low	low	yes	word	true	image	blue	missing_ios	existing_android	none	Retain in the normalized curriculum.	medium
colors_a	3	A	colors	Green	ירוק	A	colors	STANDARD	Green	ירוק	UNCHANGED	very_high	low	low	yes	word	true	image	green	missing_ios	existing_android	none	Retain in the normalized curriculum.	medium
colors_a	4	A	colors	Yellow	צהוב	A	colors	STANDARD	Yellow	צהוב	UNCHANGED	very_high	low	low	yes	word	true	image	yellow	missing_ios	existing_android	none	Retain in the normalized curriculum.	medium
colors_a	5	A	colors	Black	שחור	A	colors	STANDARD	Black	שחור	UNCHANGED	very_high	low	low	yes	word	true	image	black	missing_ios	existing_android	none	Retain in the normalized curriculum.	medium
colors_a	6	A	colors	White	לבן	A	colors	STANDARD	White	לבן	UNCHANGED	very_high	low	low	yes	word	true	image	white	missing_ios	existing_android	none	Retain in the normalized curriculum.	medium
colors_a	7	A	colors	Pink	ורוד	A	colors	STANDARD	Pink	ורוד	UNCHANGED	very_high	low	low	yes	word	true	image	pink	missing_ios	existing_android	none	Retain in the normalized curriculum.	medium
colors_a	8	A	colors	Purple	סגול	A	colors	STANDARD	Purple	סגול	UNCHANGED	very_high	low	low	yes	word	true	image	purple	missing_ios	existing_android	none	Retain in the normalized curriculum.	medium
colors_a	9	A	colors	Gray	אפור	A	colors	STANDARD	Gray	אפור	UNCHANGED	very_high	low	low	yes	word	true	image	gray	missing_ios	existing_android	none	Retain in the normalized curriculum.	medium
colors_b	1	B	colors	Gold	זהב	B	colors	STANDARD	Gold	זהב	UNCHANGED	high	low	low	yes	word	true	image	gold	missing_ios	existing_android	none	Retain in the normalized curriculum.	medium
colors_b	2	B	colors	Silver	כסף	B	colors	STANDARD	Silver	כסף	UNCHANGED	high	low	low	yes	word	true	image	silver	missing_ios	existing_android	none	Retain in the normalized curriculum.	medium
colors_b	3	B	colors	Light Blue	תכלת	B	colors	STANDARD	Light Blue	תכלת	UNCHANGED	high	medium	low	yes	word	true	image	light_blue	missing_ios	missing_android	none	Retain in the normalized curriculum.	medium
colors_b	4	B	colors	Light Green	ירוק בהיר	B	colors	STANDARD	Light Green	ירוק בהיר	UNCHANGED	high	medium	medium	yes	word	true	image	light_green	missing_ios	missing_android	none	Retain in the normalized curriculum.	medium
colors_b	5	B	colors	Dark Blue	כחול כהה	B	colors	STANDARD	Dark Blue	כחול כהה	UNCHANGED	high	medium	medium	yes	word	true	image	dark_blue	missing_ios	missing_android	none	Retain in the normalized curriculum.	medium
colors_b	6	B	colors	Dark Green	ירוק כהה	B	colors	STANDARD	Dark Green	ירוק כהה	UNCHANGED	high	medium	medium	yes	word	true	image	dark_green	missing_ios	existing_android	none	Retain in the normalized curriculum.	medium
colors_c	1	C	colors	Beige	בז׳	C	colors	STANDARD	Beige	בז׳	UNCHANGED	medium	low	low	yes	word	true	image	beige	missing_ios	existing_android	none	Retain in the normalized curriculum.	medium
colors_c	2	C	colors	Violet	סגול בהיר	C	colors	STANDARD	Violet	סגול בהיר	UNCHANGED	medium	low	medium	yes	word	true	image	violet	missing_ios	existing_android	none	Retain in the normalized curriculum.	medium
colors_c	3	C	colors	Maroon	בורדו	C	colors	STANDARD	Maroon	בורדו	UNCHANGED	medium	low	low	yes	word	true	image	maroon	missing_ios	existing_android	none	Retain in the normalized curriculum.	medium
colors_c	4	C	colors	Ivory	שנהב	C	colors	STANDARD	Ivory	שנהב	UNCHANGED	medium	low	low	yes	word	true	image	ivory	missing_ios	missing_android	none	Retain in the normalized curriculum.	medium
colors_c	5	C	colors	Amber	ענבר	C	colors	STANDARD	Amber	ענבר	UNCHANGED	medium	low	low	yes	word	true	image	amber	missing_ios	existing_android	none	Retain in the normalized curriculum.	medium
colors_c	6	C	colors	Cyan	ציאן	C	colors	STANDARD	Cyan	ציאן	UNCHANGED	medium	low	low	yes	word	true	image	cyan	missing_ios	existing_android	none	Retain in the normalized curriculum.	medium
colors_c	7	C	colors	Lilac	לילך	C	colors	STANDARD	Lilac	לילך	UNCHANGED	medium	low	low	yes	word	true	image	lilac	missing_ios	existing_android	none	Retain in the normalized curriculum.	medium
colors_d	1	D	colors	Khaki	חאקי	D	colors	STANDARD	Khaki	חאקי	UNCHANGED	medium_low	low	low	yes	word	true	image	khaki	missing_ios	missing_android	none	Retain in the normalized curriculum.	medium
colors_d	2	D	colors	Mustard	חרדל	D	colors	STANDARD	Mustard	חרדל	UNCHANGED	medium_low	low	low	yes	word	true	image	mustard	missing_ios	existing_android	none	Retain in the normalized curriculum.	medium
colors_d	3	D	colors	Crimson	ארגמן	E	colors	STANDARD	Crimson	ארגמן	LEVEL_MOVE	low	low	low	yes	word	true	image	crimson	missing_ios	existing_android	level_rebalance	Retain in the normalized curriculum.	medium
colors_d	4	D	colors	Turquoise	טורקיז	D	colors	STANDARD	Turquoise	טורקיז	UNCHANGED	medium_low	medium	low	yes	word	true	image	turquoise	missing_ios	existing_android	none	Retain in the normalized curriculum.	medium
colors_d	5	D	colors	Ruby	אודם	D	colors	STANDARD	Ruby	אודם	UNCHANGED	medium_low	low	low	yes	word	true	image	ruby	missing_ios	existing_android	none	Retain in the normalized curriculum.	medium
shapes_a	1	A	shapes	Ball	כדור	A	sports	STANDARD	Ball	כדור	UNCHANGED	very_high	low	low	yes	word	true	image	ball	missing_ios	existing_android	none	Retain in the normalized curriculum.	medium
shapes_a	2	A	shapes	Circle	עיגול	A	shapes	STANDARD	Circle	עיגול	UNCHANGED	very_high	low	low	yes	word	true	image	circle	missing_ios	existing_android	none	Retain in the normalized curriculum.	medium
shapes_a	3	A	shapes	Arrow	חץ	A	shapes	STANDARD	Arrow	חץ	UNCHANGED	very_high	low	low	yes	word	true	image	arrow	missing_ios	existing_android	none	Retain in the normalized curriculum.	medium
shapes_a	4	A	shapes	Star	כוכב	A	shapes	STANDARD	Star	כוכב	UNCHANGED	very_high	low	low	yes	word	true	image	star	missing_ios	existing_android	none	Retain in the normalized curriculum.	medium
shapes_a	5	A	shapes	Heart	לב	A	shapes	STANDARD	Heart	לב	UNCHANGED	very_high	low	low	yes	word	true	image	heart	missing_ios	existing_android	none	Retain in the normalized curriculum.	medium
shapes_a	6	A	shapes	Line	קו	A	shapes	STANDARD	Line	קו	UNCHANGED	very_high	low	low	yes	word	true	image	line	missing_ios	existing_android	none	Retain in the normalized curriculum.	medium
shapes_b	1	B	shapes	Basketball	כדור כדורסל	B	sports	STANDARD	Basketball	כדור כדורסל	UNCHANGED	high	medium	medium	yes	word	true	image	basketball	missing_ios	existing_android	none	Retain in the normalized curriculum.	medium
shapes_b	2	B	shapes	Volleyball	כדור כדורעף	B	sports	STANDARD	Volleyball	כדור כדורעף	UNCHANGED	high	medium	medium	yes	word	true	image	volleyball	missing_ios	existing_android	none	Retain in the normalized curriculum.	medium
shapes_b	3	B	shapes	Tennis ball	כדור טניס	B	sports	STANDARD	Tennis ball	כדור טניס	UNCHANGED	high	medium	medium	yes	word	true	image	tennis_ball	missing_ios	existing_android	none	Retain in the normalized curriculum.	medium
shapes_b	4	B	shapes	Soccer ball	כדור כדורגל	B	sports	STANDARD	Soccer ball	כדור כדורגל	UNCHANGED	high	medium	medium	yes	word	true	image	soccer_ball	missing_ios	existing_android	none	Retain in the normalized curriculum.	medium
shapes_b	5	B	shapes	Cube	קובייה	B	shapes	STANDARD	Cube	קובייה	UNCHANGED	high	low	low	yes	word	true	image	cube	missing_ios	existing_android	none	Retain in the normalized curriculum.	medium
shapes_b	6	B	shapes	Diamond	יהלום	B	shapes	STANDARD	Diamond	יהלום	UNCHANGED	high	low	low	yes	word	true	image	diamond	missing_ios	existing_android	none	Retain in the normalized curriculum.	medium
shapes_b	7	B	shapes	Triangle	משולש	B	shapes	STANDARD	Triangle	משולש	UNCHANGED	high	medium	low	yes	word	true	image	triangle	missing_ios	existing_android	none	Retain in the normalized curriculum.	medium
shapes_b	8	B	shapes	Rectangle	מלבן	B	shapes	STANDARD	Rectangle	מלבן	UNCHANGED	high	medium	low	yes	word	true	image	rectangle	missing_ios	existing_android	none	Retain in the normalized curriculum.	medium
shapes_b	9	B	shapes	Ring	טבעת	B	shapes	STANDARD	Ring	טבעת	UNCHANGED	high	low	low	yes	word	true	image	ring	missing_ios	existing_android	none	Retain in the normalized curriculum.	medium
shapes_b	10	B	shapes	Cone	חרוט	B	shapes	STANDARD	Cone	חרוט	UNCHANGED	high	low	low	yes	word	true	image	cone	missing_ios	existing_android	none	Retain in the normalized curriculum.	medium
shapes_c	1	C	shapes	Frame	מסגרת	C	household	STANDARD	Frame	מסגרת	UNCHANGED	medium	low	low	yes	word	true	image	frame	missing_ios	existing_android	none	Retain in the normalized curriculum.	medium
shapes_c	2	C	shapes	Beach ball	כדור ים	C	sports	STANDARD	Beach ball	כדור ים	UNCHANGED	medium	medium	medium	yes	word	true	image	beach_ball	missing_ios	existing_android	none	Retain in the normalized curriculum.	medium
shapes_c	3	C	shapes	Octagon	מתומן	C	shapes	STANDARD	Octagon	מתומן	UNCHANGED	medium	low	low	yes	word	true	image	octagon	missing_ios	existing_android	none	Retain in the normalized curriculum.	medium
shapes_c	4	C	shapes	Cylinder	גליל	C	shapes	STANDARD	Cylinder	גליל	UNCHANGED	medium	medium	low	yes	word	true	image	cylinder	missing_ios	missing_android	none	Retain in the normalized curriculum.	medium
shapes_c	5	C	shapes	Sphere	כדור	B	shapes	STANDARD	Sphere	כדור	LEVEL_MOVE	high	low	low	yes	word	true	image	sphere	missing_ios	existing_android	level_rebalance	Retain in the normalized curriculum.	medium
shapes_c	6	C	shapes	Pyramid	פירמידה	C	shapes	STANDARD	Pyramid	פירמידה	UNCHANGED	medium	low	low	yes	word	true	image	pyramid	missing_ios	missing_android	none	Retain in the normalized curriculum.	medium
shapes_c	7	C	shapes	Ellipse	אליפסה	C	shapes	STANDARD	Ellipse	אליפסה	UNCHANGED	medium	low	low	yes	word	true	image	ellipse	missing_ios	existing_android	none	Retain in the normalized curriculum.	medium
shapes_c	8	C	shapes	Pentagon	מחומש	C	shapes	STANDARD	Pentagon	מחומש	UNCHANGED	medium	medium	low	yes	word	true	image	pentagon	missing_ios	existing_android	none	Retain in the normalized curriculum.	medium
shapes_c	9	C	shapes	Hexagon	משושה	C	shapes	STANDARD	Hexagon	משושה	UNCHANGED	medium	low	low	yes	word	true	image	hexagon	missing_ios	existing_android	none	Retain in the normalized curriculum.	medium
shapes_d	1	D	shapes	Parallelogram	מקבילית	D	shapes	STANDARD	Parallelogram	מקבילית	UNCHANGED	medium_low	medium	low	yes	word	true	image	parallelogram	missing_ios	missing_android	none	Retain in the normalized curriculum.	medium
shapes_d	2	D	shapes	Trapezoid	טרפז	D	shapes	STANDARD	Trapezoid	טרפז	UNCHANGED	medium_low	medium	low	yes	word	true	image	trapezoid	missing_ios	existing_android	none	Retain in the normalized curriculum.	medium
shapes_d	3	D	shapes	Rhombus	מעוין	D	shapes	STANDARD	Rhombus	מעוין	UNCHANGED	medium_low	low	low	yes	word	true	image	rhombus	missing_ios	existing_android	none	Retain in the normalized curriculum.	medium
shapes_d	4	D	shapes	Prism	מנסרה	D	shapes	STANDARD	Prism	מנסרה	UNCHANGED	medium_low	low	low	yes	word	true	image	prism	missing_ios	existing_android	none	Retain in the normalized curriculum.	medium
shapes_d	5	D	shapes	Crescent	סהר	D	shapes	STANDARD	Crescent	סהר	UNCHANGED	medium_low	medium	low	yes	word	true	image	crescent	missing_ios	existing_android	none	Retain in the normalized curriculum.	medium
shapes_e	1	E	shapes	Icosahedron	איקוסהדרון	E	symbols	EXCLUDED_EXPERT	Icosahedron	איקוסהדרון	EXCLUDED_EXPERT	specialized	medium	medium	yes	word	true	image	icosahedron	missing_ios	existing_android	expert_or_low_value	Archive from the standard path because this term is too niche or trivia-heavy for the intended age bands.	high
shapes_e	2	E	shapes	Fractal	פרקטל	E	symbols	EXCLUDED_EXPERT	Fractal	פרקטל	EXCLUDED_EXPERT	specialized	low	low	yes	word	true	image	fractal	missing_ios	existing_android	expert_or_low_value	Archive from the standard path because this term is too niche or trivia-heavy for the intended age bands.	high
shapes_e	3	E	shapes	Mobius strip	רצועת מוביוס	E	shapes	EXCLUDED_EXPERT	Mobius strip	רצועת מוביוס	EXCLUDED_EXPERT	specialized	medium	medium	yes	word	true	image	mobius_strip	missing_ios	existing_android	expert_or_low_value	Archive from the standard path because this term is too niche or trivia-heavy for the intended age bands.	high
shapes_e	4	E	shapes	Star of David	מגן דוד	E	symbols	STANDARD	Star of David	מגן דוד	UNCHANGED	low	high	medium	yes	word	true	image	star_of_david	missing_ios	existing_android	none	Retain in the normalized curriculum.	medium
shapes_e	5	E	shapes	Pentagram	פנטגרם	E	shapes	EXCLUDED_EXPERT	Pentagram	פנטגרם	EXCLUDED_EXPERT	specialized	medium	low	yes	word	true	image	pentagram	missing_ios	existing_android	expert_or_low_value	Archive from the standard path because this term is too niche or trivia-heavy for the intended age bands.	high
shapes_e	6	E	shapes	Helix	סליל	E	shapes	STANDARD	Helix	סליל	UNCHANGED	low	low	low	yes	word	true	image	helix	missing_ios	existing_android	none	Retain in the normalized curriculum.	medium
shapes_e	7	E	shapes	Polyhedron	פוליהדרון	E	shapes	EXCLUDED_EXPERT	Polyhedron	פוליהדרון	EXCLUDED_EXPERT	specialized	medium	medium	yes	word	true	image	polyhedron	missing_ios	existing_android	expert_or_low_value	Archive from the standard path because this term is too niche or trivia-heavy for the intended age bands.	high
shapes_e	8	E	shapes	Obelisk	אובליסק	E	shapes	EXCLUDED_EXPERT	Obelisk	אובליסק	EXCLUDED_EXPERT	specialized	low	low	yes	word	true	image	obelisk	missing_ios	existing_android	expert_or_low_value	Archive from the standard path because this term is too niche or trivia-heavy for the intended age bands.	high
verbs_a	1	A	verbs	Eat	לאכול	A	actions	STANDARD	Eat	לאכול	UNCHANGED	very_high	low	low	yes	verb	true	image	eat	missing_ios	existing_android	none	Retain in the normalized curriculum.	medium
verbs_a	2	A	verbs	Drink	לשתות	A	actions	STANDARD	Drink	לשתות	UNCHANGED	very_high	low	low	yes	verb	true	image	drink	missing_ios	existing_android	none	Retain in the normalized curriculum.	medium
verbs_a	3	A	verbs	Run	לרוץ	A	actions	STANDARD	Run	לרוץ	UNCHANGED	very_high	low	low	yes	verb	true	image	run	missing_ios	existing_android	none	Retain in the normalized curriculum.	medium
verbs_a	4	A	verbs	Walk	ללכת	A	actions	STANDARD	Walk	ללכת	UNCHANGED	very_high	low	low	no	verb	false	none	walk	not_needed	not_needed	none	Retain in the normalized curriculum.	medium
verbs_a	5	A	verbs	Sit	לשבת	A	actions	STANDARD	Sit	לשבת	UNCHANGED	very_high	low	low	yes	verb	true	image	sit	missing_ios	existing_android	none	Retain in the normalized curriculum.	medium
verbs_a	6	A	verbs	Stand	לעמוד	A	actions	STANDARD	Stand	לעמוד	UNCHANGED	very_high	low	low	yes	verb	true	image	stand	missing_ios	existing_android	none	Retain in the normalized curriculum.	medium
verbs_a	7	A	verbs	Sleep	לישון	A	actions	STANDARD	Sleep	לישון	UNCHANGED	very_high	low	low	yes	verb	true	image	sleep	missing_ios	existing_android	none	Retain in the normalized curriculum.	medium
verbs_a	8	A	verbs	Play	לשחק	A	actions	STANDARD	Play	לשחק	UNCHANGED	very_high	low	low	yes	verb	true	image	play	missing_ios	existing_android	none	Retain in the normalized curriculum.	medium
verbs_a	9	A	verbs	Say	לומר	A	actions	STANDARD	Say	לומר	UNCHANGED	very_high	low	low	no	verb	false	none	say	not_needed	not_needed	none	Retain in the normalized curriculum.	medium
verbs_a	10	A	verbs	Help	עזרה	A	actions	STANDARD	Help	לעזור	TEXT_REPAIR	very_high	low	low	no	verb	false	none	help	not_needed	not_needed	text_or_translation_repair	Use the Hebrew infinitive that matches the Help verb concept.	high
verbs_a	11	A	verbs	Stop	לעצור	A	actions	STANDARD	Stop	לעצור	UNCHANGED	very_high	low	low	no	verb	false	none	stop	not_needed	not_needed	none	Retain in the normalized curriculum.	medium
verbs_a	12	A	verbs	Open	לפתוח	A	actions	STANDARD	Open	לפתוח	UNCHANGED	very_high	low	low	no	verb	false	none	open	not_needed	not_needed	none	Retain in the normalized curriculum.	medium
verbs_a	13	A	verbs	Close	קרוב	A	actions	MERGED_DUPLICATE	Close	קרוב	MERGED_DUPLICATE	specialized	low	low	no	verb	false	none	close	not_needed	not_needed	duplicate_or_overlap,wrong_english_sense	Merge into directions_a|Near to avoid maintaining the same semantic concept twice.	high
verbs_a	14	A	verbs	Give	לתת	A	actions	STANDARD	Give	לתת	UNCHANGED	very_high	low	low	no	verb	false	none	give	not_needed	not_needed	none	Retain in the normalized curriculum.	medium
verbs_a	15	A	verbs	Take	לקחת	A	actions	STANDARD	Take	לקחת	UNCHANGED	very_high	low	low	no	verb	false	none	take	not_needed	not_needed	none	Retain in the normalized curriculum.	medium
verbs_a	16	A	verbs	Cook	לבשל	A	actions	STANDARD	Cook	לבשל	UNCHANGED	very_high	low	low	yes	verb	true	image	cook	missing_ios	existing_android	none	Retain in the normalized curriculum.	medium
verbs_a	17	A	verbs	Exit	יציאה	A	actions	STANDARD	Exit	יציאה	UNCHANGED	very_high	low	low	no	verb	false	none	exit	not_needed	not_needed	none	Retain in the normalized curriculum.	medium
verbs_b	1	B	verbs	Shut	לסגור	B	actions	STANDARD	Shut	לסגור	UNCHANGED	high	low	low	no	verb	false	none	shut	not_needed	not_needed	none	Retain in the normalized curriculum.	medium
verbs_b	2	B	verbs	Hear	לשמוע	B	actions	STANDARD	Hear	לשמוע	UNCHANGED	high	low	low	yes	verb	true	image	hear	missing_ios	existing_android	none	Retain in the normalized curriculum.	medium
verbs_b	3	B	verbs	Jump	לקפוץ	B	actions	STANDARD	Jump	לקפוץ	UNCHANGED	high	low	low	yes	verb	true	image	jump	missing_ios	existing_android	none	Retain in the normalized curriculum.	medium
verbs_b	4	B	verbs	Look	להסתכל	B	actions	STANDARD	Look	להסתכל	UNCHANGED	high	low	low	yes	verb	true	image	look	missing_ios	existing_android	none	Retain in the normalized curriculum.	medium
verbs_b	5	B	verbs	Read	לקרוא	B	actions	STANDARD	Read	לקרוא	UNCHANGED	high	low	low	yes	verb	true	image	read	missing_ios	existing_android	none	Retain in the normalized curriculum.	medium
verbs_b	6	B	verbs	Listen	להקשיב	B	actions	STANDARD	Listen	להקשיב	UNCHANGED	high	low	low	yes	verb	true	image	listen	missing_ios	existing_android	none	Retain in the normalized curriculum.	medium
verbs_b	7	B	verbs	Stand	לעמוד	B	actions	MERGED_DUPLICATE	Stand	לעמוד	MERGED_DUPLICATE	specialized	low	low	yes	verb	true	image	stand	missing_ios	existing_android	duplicate_or_overlap	Merge into verbs_a|Stand to avoid maintaining the same semantic concept twice.	high
verbs_b	8	B	verbs	To find	למצוא	B	actions	STANDARD	To find	למצוא	UNCHANGED	high	medium	low	no	verb	false	none	to_find	not_needed	not_needed	none	Retain in the normalized curriculum.	medium
verbs_b	9	B	verbs	Count	לספור	B	actions	STANDARD	Count	לספור	UNCHANGED	high	low	low	yes	verb	true	image	count	missing_ios	existing_android	none	Retain in the normalized curriculum.	medium
verbs_b	10	B	verbs	Start	להתחיל	B	actions	STANDARD	Start	להתחיל	UNCHANGED	high	low	low	no	verb	false	none	start	not_needed	not_needed	none	Retain in the normalized curriculum.	medium
verbs_b	11	B	verbs	Sing	לשיר	B	actions	STANDARD	Sing	לשיר	UNCHANGED	high	low	low	yes	verb	true	image	sing	missing_ios	existing_android	none	Retain in the normalized curriculum.	medium
verbs_b	12	B	verbs	Dance	לרקוד	B	actions	STANDARD	Dance	לרקוד	UNCHANGED	high	low	low	yes	verb	true	image	dance	missing_ios	existing_android	none	Retain in the normalized curriculum.	medium
verbs_c	1	C	verbs	Fishing	דיג	C	actions	STANDARD	Fishing	דיג	UNCHANGED	medium	low	low	no	verb	false	none	fishing	not_needed	not_needed	none	Retain in the normalized curriculum.	medium
verbs_c	2	C	verbs	Draw	לצייר	C	actions	STANDARD	Draw	לצייר	UNCHANGED	medium	low	low	yes	verb	true	image	draw	missing_ios	existing_android	none	Retain in the normalized curriculum.	medium
verbs_c	3	C	verbs	Write	לכתוב	C	actions	STANDARD	Write	לכתוב	UNCHANGED	medium	low	low	yes	verb	true	image	write	missing_ios	existing_android	none	Retain in the normalized curriculum.	medium
verbs_c	4	C	verbs	Watch	לצפות	C	actions	STANDARD	Watch	לצפות	UNCHANGED	medium	low	low	no	verb	false	none	watch	not_needed	not_needed	none	Retain in the normalized curriculum.	medium
verbs_c	5	C	verbs	Show	הופעה	C	arts_entertainment	STANDARD	Show	הופעה	UNCHANGED	medium	low	low	no	verb	false	none	show	not_needed	not_needed	none	Retain in the normalized curriculum.	medium
verbs_c	6	C	verbs	Think	לחשוב	C	actions	STANDARD	Think	לחשוב	UNCHANGED	medium	low	low	no	verb	false	none	think	not_needed	not_needed	none	Retain in the normalized curriculum.	medium
verbs_c	7	C	verbs	Remember	לזכור	C	actions	STANDARD	Remember	לזכור	UNCHANGED	medium	medium	low	no	verb	false	none	remember	not_needed	not_needed	none	Retain in the normalized curriculum.	medium
verbs_c	8	C	verbs	Forget	לשכוח	C	actions	STANDARD	Forget	לשכוח	UNCHANGED	medium	low	low	no	verb	false	none	forget	not_needed	not_needed	none	Retain in the normalized curriculum.	medium
verbs_c	9	C	verbs	Build	לבנות	C	actions	STANDARD	Build	לבנות	UNCHANGED	medium	low	low	no	verb	false	none	build	not_needed	not_needed	none	Retain in the normalized curriculum.	medium
verbs_c	10	C	verbs	Break	לשבור	C	actions	STANDARD	Break	לשבור	UNCHANGED	medium	low	low	no	verb	false	none	break	not_needed	not_needed	none	Retain in the normalized curriculum.	medium
verbs_c	11	C	verbs	Catch	לתפוס	C	actions	STANDARD	Catch	לתפוס	UNCHANGED	medium	low	low	yes	verb	true	image	catch_img	missing_ios	existing_android	none	Retain in the normalized curriculum.	medium
verbs_c	12	C	verbs	Throw	לזרוק	C	actions	STANDARD	Throw	לזרוק	UNCHANGED	medium	low	low	yes	verb	true	image	throw_img	missing_ios	existing_android	none	Retain in the normalized curriculum.	medium
verbs_c	13	C	verbs	Wash	לשטוף	C	actions	STANDARD	Wash	לשטוף	UNCHANGED	medium	low	low	yes	verb	true	image	wash	missing_ios	existing_android	none	Retain in the normalized curriculum.	medium
verbs_c	14	C	verbs	Clean	נקי	C	actions	STANDARD	Clean	לנקות	TEXT_REPAIR	medium	low	low	yes	verb	true	image	clean	missing_ios	existing_android	text_or_translation_repair	Use the Hebrew infinitive that matches the Clean verb concept.	high
verbs_c	15	C	verbs	Decide	להחליט	C	actions	STANDARD	Decide	להחליט	UNCHANGED	medium	low	low	no	verb	false	none	decide	not_needed	not_needed	none	Retain in the normalized curriculum.	medium
verbs_c	16	C	verbs	Choose	לבחור	B	actions	STANDARD	Choose	לבחור	LEVEL_MOVE	high	low	low	no	verb	false	none	choose	not_needed	not_needed	level_rebalance	Retain in the normalized curriculum.	medium
verbs_c	17	C	verbs	Answer	לענות	C	actions	STANDARD	Answer	לענות	UNCHANGED	medium	low	low	no	verb	false	none	answer	not_needed	not_needed	none	Retain in the normalized curriculum.	medium
verbs_c	18	C	verbs	Wait	לחכות	C	actions	STANDARD	Wait	לחכות	UNCHANGED	medium	low	low	no	verb	false	none	wait	not_needed	not_needed	none	Retain in the normalized curriculum.	medium
verbs_c	19	C	verbs	Promise	להבטיח	C	actions	STANDARD	Promise	להבטיח	UNCHANGED	medium	low	low	no	verb	false	none	promise	not_needed	not_needed	none	Retain in the normalized curriculum.	medium
verbs_c	20	C	verbs	Finish	לסיים	C	actions	STANDARD	Finish	לסיים	UNCHANGED	medium	low	low	no	verb	false	none	finish	not_needed	not_needed	none	Retain in the normalized curriculum.	medium
verbs_c	21	C	verbs	Agree	להסכים	C	actions	STANDARD	Agree	להסכים	UNCHANGED	medium	low	low	no	verb	false	none	agree	not_needed	not_needed	none	Retain in the normalized curriculum.	medium
verbs_d	1	D	verbs	Understand	להבין	D	actions	STANDARD	Understand	להבין	UNCHANGED	medium_low	medium	low	no	verb	false	none	understand	not_needed	not_needed	none	Retain in the normalized curriculum.	medium
verbs_d	2	D	verbs	To ask	לשאול	D	actions	STANDARD	To ask	לשאול	UNCHANGED	medium_low	medium	low	no	verb	false	none	to_ask	not_needed	not_needed	none	Retain in the normalized curriculum.	medium
verbs_d	3	D	verbs	To talk	לדבר	D	actions	STANDARD	To talk	לדבר	UNCHANGED	medium_low	medium	low	no	verb	false	none	to_talk	not_needed	not_needed	none	Retain in the normalized curriculum.	medium
verbs_d	4	D	verbs	To put	לשים	D	actions	STANDARD	To put	לשים	UNCHANGED	medium_low	medium	low	no	verb	false	none	to_put	not_needed	not_needed	none	Retain in the normalized curriculum.	medium
verbs_d	5	D	verbs	Ask for help	לבקש עזרה	D	actions	STANDARD	Ask for help	לבקש עזרה	UNCHANGED	medium_low	high	medium	no	verb	false	none	ask_for_help	not_needed	not_needed	none	Retain in the normalized curriculum.	medium
verbs_d	6	D	verbs	Discover	לגלות	D	actions	STANDARD	Discover	לגלות	UNCHANGED	medium_low	medium	low	no	verb	false	none	discover	not_needed	not_needed	none	Retain in the normalized curriculum.	medium
verbs_d	7	D	verbs	Imagine	לדמיין	D	actions	STANDARD	Imagine	לדמיין	UNCHANGED	medium_low	low	low	no	verb	false	none	imagine	not_needed	not_needed	none	Retain in the normalized curriculum.	medium
verbs_d	8	D	verbs	Explain again	להסביר שוב	D	actions	STANDARD	Explain again	להסביר שוב	UNCHANGED	medium_low	medium	medium	no	verb	false	none	explain_again	not_needed	not_needed	none	Retain in the normalized curriculum.	medium
verbs_d	9	D	verbs	Compare	להשוות	D	actions	STANDARD	Compare	להשוות	UNCHANGED	medium_low	low	low	no	verb	false	none	compare	not_needed	not_needed	none	Retain in the normalized curriculum.	medium
verbs_d	10	D	verbs	Describe	לתאר	C	actions	STANDARD	Describe	לתאר	LEVEL_MOVE	medium	medium	low	no	verb	false	none	describe	not_needed	not_needed	level_rebalance	Retain in the normalized curriculum.	medium
verbs_d	11	D	verbs	Solve	לפתור	D	actions	STANDARD	Solve	לפתור	UNCHANGED	medium_low	low	low	no	verb	false	none	solve	not_needed	not_needed	none	Retain in the normalized curriculum.	medium
numbers_a	1	A	numbers	One	אחת	A	numbers	STANDARD	One	אחת	UNCHANGED	very_high	low	low	no	number	false	none	one	not_needed	not_needed	none	Retain in the normalized curriculum.	medium
numbers_a	2	A	numbers	Two	שתיים	A	numbers	STANDARD	Two	שתיים	UNCHANGED	very_high	low	low	no	number	false	none	two	not_needed	not_needed	none	Retain in the normalized curriculum.	medium
numbers_a	3	A	numbers	Three	שלוש	A	numbers	STANDARD	Three	שלוש	UNCHANGED	very_high	low	low	no	number	false	none	three	not_needed	not_needed	none	Retain in the normalized curriculum.	medium
numbers_a	4	A	numbers	Four	ארבע	A	numbers	STANDARD	Four	ארבע	UNCHANGED	very_high	low	low	no	number	false	none	four	not_needed	not_needed	none	Retain in the normalized curriculum.	medium
numbers_a	5	A	numbers	Five	חמש	A	numbers	STANDARD	Five	חמש	UNCHANGED	very_high	low	low	no	number	false	none	five	not_needed	not_needed	none	Retain in the normalized curriculum.	medium
numbers_a	6	A	numbers	Six	שש	A	numbers	STANDARD	Six	שש	UNCHANGED	very_high	low	low	no	number	false	none	six	not_needed	not_needed	none	Retain in the normalized curriculum.	medium
numbers_a	7	A	numbers	Seven	שבע	A	numbers	STANDARD	Seven	שבע	UNCHANGED	very_high	low	low	no	number	false	none	seven	not_needed	not_needed	none	Retain in the normalized curriculum.	medium
numbers_a	8	A	numbers	Eight	שמונה	A	numbers	STANDARD	Eight	שמונה	UNCHANGED	very_high	low	low	no	number	false	none	eight	not_needed	not_needed	none	Retain in the normalized curriculum.	medium
numbers_a	9	A	numbers	Nine	תשע	A	numbers	STANDARD	Nine	תשע	UNCHANGED	very_high	low	low	no	number	false	none	nine	not_needed	not_needed	none	Retain in the normalized curriculum.	medium
numbers_a	10	A	numbers	Ten	עשר	A	numbers	STANDARD	Ten	עשר	UNCHANGED	very_high	low	low	no	number	false	none	ten	not_needed	not_needed	none	Retain in the normalized curriculum.	medium
numbers_b	1	B	numbers	Eleven	אחד עשר	B	numbers	STANDARD	Eleven	אחד עשר	UNCHANGED	high	low	medium	no	number	false	none	eleven	not_needed	not_needed	none	Retain in the normalized curriculum.	medium
numbers_b	2	B	numbers	Twelve	שניים עשר	B	numbers	STANDARD	Twelve	שניים עשר	UNCHANGED	high	low	medium	no	number	false	none	twelve	not_needed	not_needed	none	Retain in the normalized curriculum.	medium
numbers_b	3	B	numbers	Thirteen	שלושה עשר	B	numbers	STANDARD	Thirteen	שלושה עשר	UNCHANGED	high	medium	medium	no	number	false	none	thirteen	not_needed	not_needed	none	Retain in the normalized curriculum.	medium
numbers_b	4	B	numbers	Fourteen	ארבעה עשר	B	numbers	STANDARD	Fourteen	ארבעה עשר	UNCHANGED	high	medium	medium	no	number	false	none	fourteen	not_needed	not_needed	none	Retain in the normalized curriculum.	medium
numbers_b	5	B	numbers	Fifteen	חמישה עשר	B	numbers	STANDARD	Fifteen	חמישה עשר	UNCHANGED	high	low	medium	no	number	false	none	fifteen	not_needed	not_needed	none	Retain in the normalized curriculum.	medium
numbers_b	6	B	numbers	Sixteen	שישה עשר	B	numbers	STANDARD	Sixteen	שישה עשר	UNCHANGED	high	low	medium	no	number	false	none	sixteen	not_needed	not_needed	none	Retain in the normalized curriculum.	medium
numbers_b	7	B	numbers	Seventeen	שבעה עשר	B	numbers	STANDARD	Seventeen	שבעה עשר	UNCHANGED	high	medium	medium	no	number	false	none	seventeen	not_needed	not_needed	none	Retain in the normalized curriculum.	medium
numbers_b	8	B	numbers	Eighteen	שמונה עשר	B	numbers	STANDARD	Eighteen	שמונה עשר	UNCHANGED	high	medium	medium	no	number	false	none	eighteen	not_needed	not_needed	none	Retain in the normalized curriculum.	medium
numbers_b	9	B	numbers	Nineteen	תשעה עשר	B	numbers	STANDARD	Nineteen	תשעה עשר	UNCHANGED	high	medium	medium	no	number	false	none	nineteen	not_needed	not_needed	none	Retain in the normalized curriculum.	medium
numbers_b	10	B	numbers	Twenty	עשרים	B	numbers	STANDARD	Twenty	עשרים	UNCHANGED	high	low	low	no	number	false	none	twenty	not_needed	not_needed	none	Retain in the normalized curriculum.	medium
numbers_c	1	C	numbers	Thirty	שלושים	C	numbers	STANDARD	Thirty	שלושים	UNCHANGED	medium	low	low	no	number	false	none	thirty	not_needed	not_needed	none	Retain in the normalized curriculum.	medium
numbers_c	2	C	numbers	Forty	ארבעים	C	numbers	STANDARD	Forty	ארבעים	UNCHANGED	medium	low	low	no	number	false	none	forty	not_needed	not_needed	none	Retain in the normalized curriculum.	medium
numbers_c	3	C	numbers	Fifty	חמישים	C	numbers	STANDARD	Fifty	חמישים	UNCHANGED	medium	low	low	no	number	false	none	fifty	not_needed	not_needed	none	Retain in the normalized curriculum.	medium
numbers_c	4	C	numbers	Sixty	שישים	C	numbers	STANDARD	Sixty	שישים	UNCHANGED	medium	low	low	no	number	false	none	sixty	not_needed	not_needed	none	Retain in the normalized curriculum.	medium
numbers_c	5	C	numbers	Seventy	שבעים	C	numbers	STANDARD	Seventy	שבעים	UNCHANGED	medium	low	low	no	number	false	none	seventy	not_needed	not_needed	none	Retain in the normalized curriculum.	medium
numbers_c	6	C	numbers	Eighty	שמונים	C	numbers	STANDARD	Eighty	שמונים	UNCHANGED	medium	low	low	no	number	false	none	eighty	not_needed	not_needed	none	Retain in the normalized curriculum.	medium
numbers_c	7	C	numbers	Ninety	תשעים	C	numbers	STANDARD	Ninety	תשעים	UNCHANGED	medium	low	low	no	number	false	none	ninety	not_needed	not_needed	none	Retain in the normalized curriculum.	medium
numbers_c	8	C	numbers	One hundred	מאה	C	numbers	STANDARD	One hundred	מאה	UNCHANGED	medium	medium	low	no	number	false	none	one_hundred	not_needed	not_needed	none	Retain in the normalized curriculum.	medium
numbers_c	9	C	numbers	Half	חצי	C	numbers	STANDARD	Half	חצי	UNCHANGED	medium	low	low	no	number	false	none	half	not_needed	not_needed	none	Retain in the normalized curriculum.	medium
numbers_c	10	C	numbers	Fifth	חמישית	C	numbers	STANDARD	Fifth	חמישית	UNCHANGED	medium	low	low	no	number	false	none	fifth	not_needed	not_needed	none	Retain in the normalized curriculum.	medium
numbers_c	11	C	numbers	Tenth	עשירית	C	numbers	STANDARD	Tenth	עשירית	UNCHANGED	medium	low	low	no	number	false	none	tenth	not_needed	not_needed	none	Retain in the normalized curriculum.	medium
numbers_c	12	C	numbers	Thousand	אלף	B	numbers	STANDARD	Thousand	אלף	LEVEL_MOVE	high	medium	low	no	number	false	none	thousand	not_needed	not_needed	level_rebalance	Retain in the normalized curriculum.	medium
numbers_c	13	C	numbers	Two thousand	אלפיים	C	numbers	STANDARD	Two thousand	אלפיים	UNCHANGED	medium	medium	low	no	number	false	none	two_thousand	not_needed	not_needed	none	Retain in the normalized curriculum.	medium
numbers_c	14	C	numbers	Ten thousand	עשרת אלפים	C	numbers	STANDARD	Ten thousand	עשרת אלפים	UNCHANGED	medium	medium	medium	no	number	false	none	ten_thousand	not_needed	not_needed	none	Retain in the normalized curriculum.	medium
numbers_c	15	C	numbers	Quarter	רבע	C	numbers	STANDARD	Quarter	רבע	UNCHANGED	medium	low	low	no	number	false	none	quarter	not_needed	not_needed	none	Retain in the normalized curriculum.	medium
numbers_c	16	C	numbers	Third	שליש	C	numbers	STANDARD	Third	שליש	UNCHANGED	medium	low	low	no	number	false	none	third	not_needed	not_needed	none	Retain in the normalized curriculum.	medium
numbers_c	17	C	numbers	One million	מיליון	C	numbers	STANDARD	One million	מיליון	UNCHANGED	medium	medium	low	no	number	false	none	one_million	not_needed	not_needed	none	Retain in the normalized curriculum.	medium
numbers_c	18	C	numbers	Two hundred	מאתיים	C	numbers	STANDARD	Two hundred	מאתיים	UNCHANGED	medium	medium	low	no	number	false	none	two_hundred	not_needed	not_needed	none	Retain in the normalized curriculum.	medium
numbers_c	19	C	numbers	Three hundred	שלוש מאות	C	numbers	STANDARD	Three hundred	שלוש מאות	UNCHANGED	medium	medium	medium	no	number	false	none	three_hundred	not_needed	not_needed	none	Retain in the normalized curriculum.	medium
numbers_c	20	C	numbers	Four hundred	ארבע מאות	C	numbers	STANDARD	Four hundred	ארבע מאות	UNCHANGED	medium	medium	medium	no	number	false	none	four_hundred	not_needed	not_needed	none	Retain in the normalized curriculum.	medium
numbers_c	21	C	numbers	Five hundred	חמש מאות	C	numbers	STANDARD	Five hundred	חמש מאות	UNCHANGED	medium	medium	medium	no	number	false	none	five_hundred	not_needed	not_needed	none	Retain in the normalized curriculum.	medium
numbers_c	22	C	numbers	Billion	מיליארד	C	numbers	STANDARD	Billion	מיליארד	UNCHANGED	medium	low	low	no	number	false	none	billion	not_needed	not_needed	none	Retain in the normalized curriculum.	medium
numbers_d	1	D	numbers	Quadrillion	קוודריליון	D	numbers	EXCLUDED_EXPERT	Quadrillion	קוודריליון	EXCLUDED_EXPERT	specialized	medium	medium	no	number	false	none	quadrillion	not_needed	not_needed	expert_or_low_value	Archive from the standard path because this term is too niche or trivia-heavy for the intended age bands.	high
numbers_d	2	D	numbers	Trillion	טריליון	D	numbers	EXCLUDED_EXPERT	Trillion	טריליון	EXCLUDED_EXPERT	specialized	medium	low	no	number	false	none	trillion	not_needed	not_needed	expert_or_low_value	Archive from the standard path because this term is too niche or trivia-heavy for the intended age bands.	high
numbers_d	3	D	numbers	Googol	גוגול	D	numbers	EXCLUDED_EXPERT	Googol	גוגול	EXCLUDED_EXPERT	specialized	low	low	no	number	false	none	googol	not_needed	not_needed	expert_or_low_value	Archive from the standard path because this term is too niche or trivia-heavy for the intended age bands.	high
numbers_e	1	E	numbers	Quintillion	קוינטיליון	E	numbers	EXCLUDED_EXPERT	Quintillion	קוינטיליון	EXCLUDED_EXPERT	specialized	medium	medium	no	number	false	none	quintillion	not_needed	not_needed	expert_or_low_value	Archive from the standard path because this term is too niche or trivia-heavy for the intended age bands.	high
numbers_e	2	E	numbers	Sextillion	סקסטיליון	E	numbers	EXCLUDED_EXPERT	Sextillion	סקסטיליון	EXCLUDED_EXPERT	specialized	medium	medium	no	number	false	none	sextillion	not_needed	not_needed	expert_or_low_value	Archive from the standard path because this term is too niche or trivia-heavy for the intended age bands.	high
numbers_e	3	E	numbers	Quadrillion	קוודריליון	E	numbers	EXCLUDED_EXPERT	Quadrillion	קוודריליון	EXCLUDED_EXPERT	specialized	medium	medium	no	number	false	none	quadrillion	not_needed	not_needed	duplicate_or_overlap,expert_or_low_value	Archive from the standard path because this term is too niche or trivia-heavy for the intended age bands.	high
numbers_e	4	E	numbers	Octillion	אוקטיליון	E	numbers	EXCLUDED_EXPERT	Octillion	אוקטיליון	EXCLUDED_EXPERT	specialized	medium	medium	no	number	false	none	octillion	not_needed	not_needed	expert_or_low_value	Archive from the standard path because this term is too niche or trivia-heavy for the intended age bands.	high
numbers_e	5	E	numbers	Nonillion	נוניליון	E	numbers	EXCLUDED_EXPERT	Nonillion	נוניליון	EXCLUDED_EXPERT	specialized	medium	medium	no	number	false	none	nonillion	not_needed	not_needed	expert_or_low_value	Archive from the standard path because this term is too niche or trivia-heavy for the intended age bands.	high
numbers_e	6	E	numbers	Decillion	דציליון	E	numbers	EXCLUDED_EXPERT	Decillion	דציליון	EXCLUDED_EXPERT	specialized	medium	low	no	number	false	none	decillion	not_needed	not_needed	expert_or_low_value	Archive from the standard path because this term is too niche or trivia-heavy for the intended age bands.	high
time_a	1	A	time	Time	זמן	A	time	STANDARD	Time	זמן	UNCHANGED	very_high	low	low	no	word	false	none	time	not_needed	not_needed	none	Retain in the normalized curriculum.	medium
time_a	2	A	time	Today	היום	A	time	STANDARD	Today	היום	UNCHANGED	very_high	low	low	no	word	false	none	today	not_needed	not_needed	none	Retain in the normalized curriculum.	medium
time_a	3	A	time	Tomorrow	מחר	A	time	STANDARD	Tomorrow	מחר	UNCHANGED	very_high	medium	low	no	word	false	none	tomorrow	not_needed	not_needed	none	Retain in the normalized curriculum.	medium
time_a	4	A	time	Sun	שמש	A	time	STANDARD	Sun	שמש	UNCHANGED	very_high	low	low	no	word	false	none	sun	not_needed	not_needed	none	Retain in the normalized curriculum.	medium
time_a	5	A	time	Moon	ירח	A	time	STANDARD	Moon	ירח	UNCHANGED	very_high	low	low	no	word	false	none	moon	not_needed	not_needed	none	Retain in the normalized curriculum.	medium
time_a	6	A	time	Day	יום	A	time	STANDARD	Day	יום	UNCHANGED	very_high	low	low	no	word	false	none	day	not_needed	not_needed	none	Retain in the normalized curriculum.	medium
time_a	7	A	time	Week	שבוע	A	time	STANDARD	Week	שבוע	UNCHANGED	very_high	low	low	no	word	false	none	week	not_needed	not_needed	none	Retain in the normalized curriculum.	medium
time_a	8	A	time	Month	חודש	A	time	STANDARD	Month	חודש	UNCHANGED	very_high	low	low	no	word	false	none	month	not_needed	not_needed	none	Retain in the normalized curriculum.	medium
time_a	9	A	time	Year	שנה	A	time	STANDARD	Year	שנה	UNCHANGED	very_high	low	low	no	word	false	none	year	not_needed	not_needed	none	Retain in the normalized curriculum.	medium
time_b	1	B	time	Yesterday	אתמול	B	time	STANDARD	Yesterday	אתמול	UNCHANGED	high	medium	low	no	word	false	none	yesterday	not_needed	not_needed	none	Retain in the normalized curriculum.	medium
time_b	2	B	time	Sunday	יום ראשון	B	time	STANDARD	Sunday	יום ראשון	UNCHANGED	high	low	medium	no	word	false	none	sunday	not_needed	not_needed	none	Retain in the normalized curriculum.	medium
time_b	3	B	time	Friday	יום שישי	B	time	STANDARD	Friday	יום שישי	UNCHANGED	high	low	medium	no	word	false	none	friday	not_needed	not_needed	none	Retain in the normalized curriculum.	medium
time_b	4	B	time	Saturday	שבת	B	time	STANDARD	Saturday	שבת	UNCHANGED	high	medium	low	no	word	false	none	saturday	not_needed	not_needed	none	Retain in the normalized curriculum.	medium
time_b	5	B	time	Spring	אביב	B	time	STANDARD	Spring	אביב	UNCHANGED	high	low	low	no	word	false	none	spring	not_needed	not_needed	none	Retain in the normalized curriculum.	medium
time_b	6	B	time	Summer	קיץ	B	time	STANDARD	Summer	קיץ	UNCHANGED	high	low	low	no	word	false	none	summer	not_needed	not_needed	none	Retain in the normalized curriculum.	medium
time_b	7	B	time	Winter	חורף	B	time	STANDARD	Winter	חורף	UNCHANGED	high	low	low	no	word	false	none	winter	not_needed	not_needed	none	Retain in the normalized curriculum.	medium
time_b	8	B	time	April	אפריל	B	time	STANDARD	April	אפריל	UNCHANGED	high	low	low	no	word	false	none	april	not_needed	not_needed	none	Retain in the normalized curriculum.	medium
time_b	9	B	time	Night	לילה	B	time	STANDARD	Night	לילה	UNCHANGED	high	low	low	no	word	false	none	night	not_needed	not_needed	none	Retain in the normalized curriculum.	medium
time_b	10	B	time	Morning	בוקר	B	time	STANDARD	Morning	בוקר	UNCHANGED	high	low	low	no	word	false	none	morning	not_needed	not_needed	none	Retain in the normalized curriculum.	medium
time_b	11	B	time	July	יולי	B	time	STANDARD	July	יולי	UNCHANGED	high	low	low	no	word	false	none	july	not_needed	not_needed	none	Retain in the normalized curriculum.	medium
time_b	12	B	time	Hour	שעה	B	time	STANDARD	Hour	שעה	UNCHANGED	high	low	low	no	word	false	none	hour	not_needed	not_needed	none	Retain in the normalized curriculum.	medium
time_b	13	B	time	Minute	דקה	B	time	STANDARD	Minute	דקה	UNCHANGED	high	low	low	no	word	false	none	minute	not_needed	not_needed	none	Retain in the normalized curriculum.	medium
time_b	14	B	time	Second	שנייה	B	time	STANDARD	Second	שנייה	UNCHANGED	high	low	low	no	word	false	none	second	not_needed	not_needed	none	Retain in the normalized curriculum.	medium
time_c	1	C	time	January	ינואר	C	time	STANDARD	January	ינואר	UNCHANGED	medium	low	low	no	word	false	none	january	not_needed	not_needed	none	Retain in the normalized curriculum.	medium
time_c	2	C	time	February	פברואר	C	time	STANDARD	February	פברואר	UNCHANGED	medium	medium	low	no	word	false	none	february	not_needed	not_needed	none	Retain in the normalized curriculum.	medium
time_c	3	C	time	March	מרץ	C	time	STANDARD	March	מרץ	UNCHANGED	medium	low	low	no	word	false	none	march	not_needed	not_needed	none	Retain in the normalized curriculum.	medium
time_c	4	C	time	Evening	ערב	C	time	STANDARD	Evening	ערב	UNCHANGED	medium	low	low	no	word	false	none	evening	not_needed	not_needed	none	Retain in the normalized curriculum.	medium
time_c	5	C	time	Noon	צהריים	C	time	STANDARD	Noon	צהריים	UNCHANGED	medium	low	low	no	word	false	none	noon	not_needed	not_needed	none	Retain in the normalized curriculum.	medium
time_c	6	C	time	Tuesday	יום שלישי	C	time	STANDARD	Tuesday	יום שלישי	UNCHANGED	medium	low	medium	no	word	false	none	tuesday	not_needed	not_needed	none	Retain in the normalized curriculum.	medium
time_c	7	C	time	Wednesday	יום רביעי	C	time	STANDARD	Wednesday	יום רביעי	UNCHANGED	medium	medium	medium	no	word	false	none	wednesday	not_needed	not_needed	none	Retain in the normalized curriculum.	medium
time_c	8	C	time	Thursday	יום חמישי	C	time	STANDARD	Thursday	יום חמישי	UNCHANGED	medium	medium	medium	no	word	false	none	thursday	not_needed	not_needed	none	Retain in the normalized curriculum.	medium
time_c	9	C	time	August	אוגוסט	C	time	STANDARD	August	אוגוסט	UNCHANGED	medium	low	low	no	word	false	none	august	not_needed	not_needed	none	Retain in the normalized curriculum.	medium
time_c	10	C	time	September	ספטמבר	C	time	STANDARD	September	ספטמבר	UNCHANGED	medium	medium	low	no	word	false	none	september	not_needed	not_needed	none	Retain in the normalized curriculum.	medium
time_c	11	C	time	October	אוקטובר	C	time	STANDARD	October	אוקטובר	UNCHANGED	medium	low	low	no	word	false	none	october	not_needed	not_needed	none	Retain in the normalized curriculum.	medium
time_c	12	C	time	November	נובמבר	C	time	STANDARD	November	נובמבר	UNCHANGED	medium	medium	low	no	word	false	none	november	not_needed	not_needed	none	Retain in the normalized curriculum.	medium
time_c	13	C	time	December	דצמבר	C	time	STANDARD	December	דצמבר	UNCHANGED	medium	medium	low	no	word	false	none	december	not_needed	not_needed	none	Retain in the normalized curriculum.	medium
time_c	14	C	time	Holiday	חג	B	time	STANDARD	Holiday	חג	LEVEL_MOVE	high	low	low	no	word	false	none	holiday	not_needed	not_needed	level_rebalance	Retain in the normalized curriculum.	medium
time_c	15	C	time	Vecation	חופשה	B	time	STANDARD	Vacation	חופשה	TEXT_REPAIR	high	medium	low	no	word	false	none	vacation	not_needed	not_needed	text_or_translation_repair,level_rebalance	Fix the obvious English typo and align the Hebrew with the intended concept.	high
time_c	16	C	time	Birthday	יום הולדת	C	time	STANDARD	Birthday	יום הולדת	UNCHANGED	medium	medium	medium	no	word	false	none	birthday	not_needed	not_needed	none	Retain in the normalized curriculum.	medium
time_c	17	C	time	Future	עתיד	C	time	STANDARD	Future	עתיד	UNCHANGED	medium	low	low	no	word	false	none	future	not_needed	not_needed	none	Retain in the normalized curriculum.	medium
time_c	18	C	time	Present	הווה	C	time	STANDARD	Present	הווה	UNCHANGED	medium	low	low	no	word	false	none	present	not_needed	not_needed	none	Retain in the normalized curriculum.	medium
time_c	19	C	time	Century	מאה	C	time	STANDARD	Century	מאה שנה	TEXT_REPAIR	medium	low	low	no	word	false	none	century	not_needed	not_needed	text_or_translation_repair	Expand the Hebrew gloss to the full century phrase.	high
time_c	20	C	time	Millennium	אלף	C	time	STANDARD	Millennium	אלף שנה	TEXT_REPAIR	medium	medium	low	no	word	false	none	millennium	not_needed	not_needed	text_or_translation_repair	Expand the Hebrew gloss to the full millennium phrase.	high
time_c	21	C	time	Bedtime	שעת השינה	C	time	STANDARD	Bedtime	שעת השינה	UNCHANGED	medium	low	medium	no	word	false	none	bedtime	not_needed	not_needed	none	Retain in the normalized curriculum.	medium
time_d	1	D	time	Autumn	סתיו	B	time	STANDARD	Autumn	סתיו	LEVEL_MOVE	high	low	low	no	word	false	none	autumn	not_needed	not_needed	level_rebalance	Retain in the normalized curriculum.	medium
time_d	2	D	time	Weekend	סוף שבוע	D	time	STANDARD	Weekend	סוף שבוע	UNCHANGED	medium_low	low	medium	no	word	false	none	weekend	not_needed	not_needed	none	Retain in the normalized curriculum.	medium
time_d	3	D	time	Afternoon	אחר הצהריים	D	time	STANDARD	Afternoon	אחר הצהריים	UNCHANGED	medium_low	medium	medium	no	word	false	none	afternoon	not_needed	not_needed	none	Retain in the normalized curriculum.	medium
time_d	4	D	time	Midnight	חצות	D	time	STANDARD	Midnight	חצות	UNCHANGED	medium_low	medium	low	no	word	false	none	midnight	not_needed	not_needed	none	Retain in the normalized curriculum.	medium
time_d	5	D	time	Past	עבר	D	time	STANDARD	Past	עבר	UNCHANGED	medium_low	low	low	no	word	false	none	past	not_needed	not_needed	none	Retain in the normalized curriculum.	medium
time_d	6	D	time	Yesterday morning	אתמול בבוקר	D	time	STANDARD	Yesterday morning	אתמול בבוקר	UNCHANGED	medium_low	high	medium	no	word	false	none	yesterday_morning	not_needed	not_needed	none	Retain in the normalized curriculum.	medium
time_d	7	D	time	Tomorrow night	מחר בלילה	D	time	STANDARD	Tomorrow night	מחר בלילה	UNCHANGED	medium_low	high	medium	no	word	false	none	tomorrow_night	not_needed	not_needed	none	Retain in the normalized curriculum.	medium
tech_a	1	A	tech	Rocket	טיל	A	transport	STANDARD	Rocket	טיל	UNCHANGED	very_high	low	low	yes	word	true	image	rocket	missing_ios	existing_android	none	Retain in the normalized curriculum.	medium
tech_a	2	A	tech	Computer	מחשב	A	technology	STANDARD	Computer	מחשב	UNCHANGED	very_high	medium	low	yes	word	true	image	computer	missing_ios	existing_android	none	Retain in the normalized curriculum.	medium
tech_a	3	A	tech	Game	משחק	A	toys_games	STANDARD	Game	משחק	UNCHANGED	very_high	low	low	yes	word	true	image	game	missing_ios	existing_android	none	Retain in the normalized curriculum.	medium
tech_a	4	A	tech	Radio	רדיו	A	technology	STANDARD	Radio	רדיו	UNCHANGED	very_high	low	low	yes	word	true	image	radio	missing_ios	existing_android	none	Retain in the normalized curriculum.	medium
tech_a	5	A	tech	Screen	מסך	A	technology	STANDARD	Screen	מסך	UNCHANGED	very_high	low	low	yes	word	true	image	screen	missing_ios	existing_android	none	Retain in the normalized curriculum.	medium
tech_a	6	A	tech	Robot	רובוט	A	technology	STANDARD	Robot	רובוט	UNCHANGED	very_high	low	low	yes	word	true	image	robot	missing_ios	existing_android	none	Retain in the normalized curriculum.	medium
tech_a	7	A	tech	Laptop	מחשב נייד	A	technology	STANDARD	Laptop	מחשב נייד	UNCHANGED	very_high	low	medium	yes	word	true	image	laptop	missing_ios	existing_android	none	Retain in the normalized curriculum.	medium
tech_b	1	B	tech	Television	טלוויזיה	B	technology	STANDARD	Television	טלוויזיה	UNCHANGED	high	medium	medium	yes	word	true	image	television	missing_ios	existing_android	none	Retain in the normalized curriculum.	medium
tech_b	2	B	tech	Camera	מצלמה	B	technology	STANDARD	Camera	מצלמה	UNCHANGED	high	low	low	yes	word	true	image	camera	missing_ios	existing_android	none	Retain in the normalized curriculum.	medium
tech_b	3	B	tech	Printer	מדפסת	B	technology	STANDARD	Printer	מדפסת	UNCHANGED	high	low	low	yes	word	true	image	printer	missing_ios	existing_android	none	Retain in the normalized curriculum.	medium
tech_b	4	B	tech	Keyboard	מקלדת	B	technology	STANDARD	Keyboard	מקלדת	UNCHANGED	high	medium	low	yes	word	true	image	keyboard	missing_ios	existing_android	none	Retain in the normalized curriculum.	medium
tech_b	5	B	tech	Speaker	רמקול	B	technology	STANDARD	Speaker	רמקול	UNCHANGED	high	low	low	yes	word	true	image	speaker	missing_ios	existing_android	none	Retain in the normalized curriculum.	medium
tech_b	6	B	tech	Button	כפתור	B	technology	STANDARD	Button	כפתור	UNCHANGED	high	low	low	yes	word	true	image	button	missing_ios	existing_android	none	Retain in the normalized curriculum.	medium
tech_b	7	B	tech	Joystick	ג'ויסטיק	B	technology	STANDARD	Joystick	ג'ויסטיק	UNCHANGED	high	medium	medium	yes	word	true	image	joystick	missing_ios	existing_android	none	Retain in the normalized curriculum.	medium
tech_b	8	B	tech	Sign	שלט	B	symbols	STANDARD	Sign	שלט	UNCHANGED	high	low	low	yes	word	true	image	sign	missing_ios	existing_android	none	Retain in the normalized curriculum.	medium
tech_c	1	C	tech	Pixel	פיקסל	C	technology	STANDARD	Pixel	פיקסל	UNCHANGED	medium	low	low	no	word	false	none		not_needed	not_needed	none	Retain in the normalized curriculum.	medium
tech_c	2	C	tech	Remote control	שלט רחוק	C	technology	STANDARD	Remote control	שלט רחוק	UNCHANGED	medium	high	medium	yes	word	true	image	remote_control	missing_ios	existing_android	none	Retain in the normalized curriculum.	medium
tech_c	3	C	tech	Design	עיצוב	C	technology	STANDARD	Design	עיצוב	UNCHANGED	medium	low	low	yes	word	true	image	design	missing_ios	existing_android	none	Retain in the normalized curriculum.	medium
tech_c	4	C	tech	Drone	רחפן	C	technology	STANDARD	Drone	רחפן	UNCHANGED	medium	low	low	yes	word	true	image	drone	missing_ios	existing_android	none	Retain in the normalized curriculum.	medium
tech_c	5	C	tech	Microwave	מיקרוגל	C	technology	MERGED_DUPLICATE	Microwave	מיקרוגל	MERGED_DUPLICATE	specialized	medium	low	yes	word	true	image	microwave	missing_ios	existing_android	duplicate_or_overlap	Merge into home_c|Microwave to avoid maintaining the same semantic concept twice.	high
tech_c	6	C	tech	Headphones	אוזניות	C	technology	STANDARD	Headphones	אוזניות	UNCHANGED	medium	medium	low	yes	word	true	image	headphones	missing_ios	existing_android	none	Retain in the normalized curriculum.	medium
tech_d	1	D	tech	Artificial intelligence	בינה מלאכותית	D	technology	MERGED_DUPLICATE	Artificial intelligence	בינה מלאכותית	MERGED_DUPLICATE	specialized	high	medium	no	word	false	none	artificial_intelligence	not_needed	not_needed	duplicate_or_overlap	Merge into tech_e|Artificial intelligence to avoid maintaining the same semantic concept twice.	high
tech_d	2	D	tech	Smartwatch	שעון חכם	D	technology	STANDARD	Smartwatch	שעון חכם	UNCHANGED	medium_low	medium	medium	yes	word	true	image	smartwatch	missing_ios	existing_android	none	Retain in the normalized curriculum.	medium
tech_d	3	D	tech	Graphics	גרפיקה	D	technology	STANDARD	Graphics	גרפיקה	UNCHANGED	medium_low	medium	low	yes	word	true	image	graphics	missing_ios	existing_android	none	Retain in the normalized curriculum.	medium
tech_d	4	D	tech	Router	ראוטר	D	technology	STANDARD	Router	ראוטר	UNCHANGED	medium_low	low	low	yes	word	true	image	router	missing_ios	existing_android	none	Retain in the normalized curriculum.	medium
tech_d	5	D	tech	Game console	קונסולת משחקים	D	technology	STANDARD	Game console	קונסולת משחקים	UNCHANGED	medium_low	medium	high	yes	word	true	image	game_console	missing_ios	existing_android	none	Retain in the normalized curriculum.	medium
tech_e	1	E	tech	3D printer	מדפסת תלת מימד	E	technology	STANDARD	3D printer	מדפסת תלת מימד	UNCHANGED	low	medium	high	yes	word	true	image	3d_printer	missing_ios	missing_android	none	Retain in the normalized curriculum.	medium
tech_e	2	E	tech	Computing	תכנות	E	technology	STANDARD	Programming	תכנות	TEXT_REPAIR	low	medium	low	no	word	false	none	programming	not_needed	not_needed	text_or_translation_repair,wrong_english_sense	The multilingual source translations point to programming rather than general computing.	high
tech_e	3	E	tech	Smart home	בית חכם	E	technology	STANDARD	Smart home	בית חכם	UNCHANGED	low	medium	medium	no	word	false	none	smart_home	not_needed	not_needed	none	Retain in the normalized curriculum.	medium
tech_e	4	E	tech	Satellite	לוויין	E	technology	STANDARD	Satellite	לוויין	UNCHANGED	low	medium	low	yes	word	true	image	satellite	missing_ios	existing_android	none	Retain in the normalized curriculum.	medium
tech_e	5	E	tech	Artificial intelligence	בינה מלאכותית	E	technology	STANDARD	Artificial intelligence	בינה מלאכותית	UNCHANGED	low	high	medium	no	word	false	none	artificial_intelligence	not_needed	not_needed	none	Retain in the normalized curriculum.	medium
expressions_a	1	A	expressions	Cool	מגניב	A	descriptions	STANDARD	Cool	מגניב	UNCHANGED	very_high	low	low	no	abstract_word	false	none	cool	not_needed	not_needed	none	Retain in the normalized curriculum.	medium
expressions_a	2	A	expressions	Hello	שלום	A	social_language	STANDARD	Hello	שלום	UNCHANGED	very_high	low	low	no	abstract_word	false	none	hello	not_needed	not_needed	none	Retain in the normalized curriculum.	medium
expressions_a	3	A	expressions	Please	בבקשה	A	social_language	STANDARD	Please	בבקשה	UNCHANGED	very_high	low	low	no	abstract_word	false	none	please	not_needed	not_needed	none	Retain in the normalized curriculum.	medium
expressions_a	4	A	expressions	Sorry	מצטער	A	social_language	STANDARD	Sorry	מצטער	UNCHANGED	very_high	low	low	no	abstract_word	false	none	sorry	not_needed	not_needed	none	Retain in the normalized curriculum.	medium
expressions_a	5	A	expressions	Yes	כן	A	social_language	STANDARD	Yes	כן	UNCHANGED	very_high	low	low	no	abstract_word	false	none	yes	not_needed	not_needed	none	Retain in the normalized curriculum.	medium
expressions_a	6	A	expressions	No	לא	A	social_language	STANDARD	No	לא	UNCHANGED	very_high	low	low	no	abstract_word	false	none	no	not_needed	not_needed	none	Retain in the normalized curriculum.	medium
expressions_a	7	A	expressions	Smart	חכם	A	descriptions	STANDARD	Smart	חכם	UNCHANGED	very_high	low	low	no	abstract_word	false	none	smart	not_needed	not_needed	none	Retain in the normalized curriculum.	medium
expressions_a	8	A	expressions	Smile	חיוך	A	feelings	STANDARD	Smile	חיוך	UNCHANGED	very_high	low	low	no	abstract_word	false	none	smile	not_needed	not_needed	none	Retain in the normalized curriculum.	medium
expressions_a	9	A	expressions	Big	גדול	A	descriptions	STANDARD	Big	גדול	UNCHANGED	very_high	low	low	no	abstract_word	false	none	big	not_needed	not_needed	none	Retain in the normalized curriculum.	medium
expressions_a	10	A	expressions	Happy	שמח	A	feelings	STANDARD	Happy	שמח	UNCHANGED	very_high	low	low	no	abstract_word	false	none	happy	not_needed	not_needed	none	Retain in the normalized curriculum.	medium
expressions_a	11	A	expressions	Sad	עצוב	A	feelings	STANDARD	Sad	עצוב	UNCHANGED	very_high	low	low	no	abstract_word	false	none	sad	not_needed	not_needed	none	Retain in the normalized curriculum.	medium
expressions_a	12	A	expressions	Tree	עץ	A	environment	STANDARD	Tree	עץ	UNCHANGED	very_high	low	low	no	abstract_word	false	none	tree	not_needed	not_needed	none	Retain in the normalized curriculum.	medium
expressions_a	13	A	expressions	Near	ליד	A	directions	MERGED_DUPLICATE	Near	ליד	MERGED_DUPLICATE	specialized	low	low	no	word	false	none	near	not_needed	not_needed	duplicate_or_overlap,category_misfit	Merge into directions_a|Near to avoid maintaining the same semantic concept twice.	high
expressions_a	14	A	expressions	Good	טוב	A	descriptions	STANDARD	Good	טוב	UNCHANGED	very_high	low	low	no	abstract_word	false	none	good	not_needed	not_needed	none	Retain in the normalized curriculum.	medium
expressions_a	15	A	expressions	Nice	נחמד	A	descriptions	STANDARD	Nice	נחמד	UNCHANGED	very_high	low	low	no	abstract_word	false	none	nice	not_needed	not_needed	none	Retain in the normalized curriculum.	medium
expressions_a	16	A	expressions	In	בתוך	A	directions	STANDARD	In	בתוך	UNCHANGED	very_high	low	low	no	abstract_word	false	none	in	not_needed	not_needed	none	Retain in the normalized curriculum.	medium
expressions_a	17	A	expressions	On	על	A	directions	STANDARD	On	על	UNCHANGED	very_high	low	low	no	abstract_word	false	none	on	not_needed	not_needed	none	Retain in the normalized curriculum.	medium
expressions_a	18	A	expressions	Key	מפתח	A	household	STANDARD	Key	מפתח	UNCHANGED	very_high	low	low	no	abstract_word	false	none	key	not_needed	not_needed	none	Retain in the normalized curriculum.	medium
expressions_b	1	B	expressions	Roof	גג	B	household	STANDARD	Roof	גג	UNCHANGED	high	low	low	no	abstract_word	false	none	roof	not_needed	not_needed	none	Retain in the normalized curriculum.	medium
expressions_b	2	B	expressions	Under	מתחת	B	directions	STANDARD	Under	מתחת	UNCHANGED	high	low	low	no	abstract_word	false	none	under	not_needed	not_needed	none	Retain in the normalized curriculum.	medium
expressions_b	3	B	expressions	Family	משפחה	B	descriptions	MERGED_DUPLICATE	Family	משפחה	MERGED_DUPLICATE	specialized	low	low	yes	word	true	image	family	missing_ios	existing_android	duplicate_or_overlap,category_misfit	Merge into people_b|Family to avoid maintaining the same semantic concept twice.	high
expressions_b	4	B	expressions	Angry	כועס	B	feelings	STANDARD	Angry	כועס	UNCHANGED	high	low	low	no	abstract_word	false	none	angry	not_needed	not_needed	none	Retain in the normalized curriculum.	medium
expressions_b	5	B	expressions	Bottle	בקבוק	B	household	STANDARD	Bottle	בקבוק	UNCHANGED	high	low	low	no	abstract_word	false	none	bottle	not_needed	not_needed	none	Retain in the normalized curriculum.	medium
expressions_b	6	B	expressions	Perfect	מושלם	B	descriptions	STANDARD	Perfect	מושלם	UNCHANGED	high	low	low	no	abstract_word	false	none	perfect	not_needed	not_needed	none	Retain in the normalized curriculum.	medium
expressions_b	7	B	expressions	Better	טוב יותר	B	descriptions	STANDARD	Better	טוב יותר	UNCHANGED	high	low	medium	no	abstract_word	false	none	better	not_needed	not_needed	none	Retain in the normalized curriculum.	medium
expressions_b	8	B	expressions	City	עיר	B	places	STANDARD	City	עיר	UNCHANGED	high	low	low	no	abstract_word	false	none	city	not_needed	not_needed	none	Retain in the normalized curriculum.	medium
expressions_b	9	B	expressions	Park	פארק	B	places	STANDARD	Park	פארק	UNCHANGED	high	low	low	no	abstract_word	false	none	park	not_needed	not_needed	none	Retain in the normalized curriculum.	medium
expressions_b	10	B	expressions	Lock	מנעול	B	household	STANDARD	Lock	מנעול	UNCHANGED	high	low	low	no	abstract_word	false	none	lock	not_needed	not_needed	none	Retain in the normalized curriculum.	medium
expressions_b	11	B	expressions	Mint	מנטה	B	food	STANDARD	Mint	מנטה	UNCHANGED	high	low	low	no	abstract_word	false	none	mint	not_needed	not_needed	none	Retain in the normalized curriculum.	medium
expressions_b	12	B	expressions	Olive	זית	B	food	STANDARD	Olive	זית	UNCHANGED	high	low	low	no	abstract_word	false	none	olive	not_needed	not_needed	none	Retain in the normalized curriculum.	medium
expressions_c	1	C	expressions	Emotion	רגש	C	feelings	STANDARD	Emotion	רגש	UNCHANGED	medium	low	low	no	abstract_word	false	none	emotion	not_needed	not_needed	none	Retain in the normalized curriculum.	medium
expressions_c	2	C	expressions	Cork	פקק שעם	C	household	STANDARD	Cork	פקק שעם	UNCHANGED	medium	low	medium	no	abstract_word	false	none	cork	not_needed	not_needed	none	Retain in the normalized curriculum.	medium
expressions_c	3	C	expressions	Pupil	תלמיד	C	household	MERGED_DUPLICATE	Pupil	תלמיד	MERGED_DUPLICATE	specialized	low	low	yes	word	true	image	pupil	missing_ios	existing_android	duplicate_or_overlap,category_misfit	Merge into people_b|Student to avoid maintaining the same semantic concept twice.	high
expressions_c	4	C	expressions	Together	ביחד	C	social_language	STANDARD	Together	ביחד	UNCHANGED	medium	medium	low	no	abstract_word	false	none	together	not_needed	not_needed	none	Retain in the normalized curriculum.	medium
expressions_c	5	C	expressions	Village	כפר	C	places	STANDARD	Village	כפר	UNCHANGED	medium	low	low	no	abstract_word	false	none	village	not_needed	not_needed	none	Retain in the normalized curriculum.	medium
expressions_c	6	C	expressions	Island	אי	C	places	STANDARD	Island	אי	UNCHANGED	medium	low	low	no	abstract_word	false	none	island	not_needed	not_needed	none	Retain in the normalized curriculum.	medium
expressions_c	7	C	expressions	School	בית ספר	C	places	STANDARD	School	בית ספר	UNCHANGED	medium	low	medium	no	abstract_word	false	none	school	not_needed	not_needed	none	Retain in the normalized curriculum.	medium
expressions_c	8	C	expressions	Goodbye	להתראות	C	social_language	STANDARD	Goodbye	להתראות	UNCHANGED	medium	low	low	no	abstract_word	false	none	goodbye	not_needed	not_needed	none	Retain in the normalized curriculum.	medium
expressions_c	9	C	expressions	Friend	חבר	C	family_people	STANDARD	Friend	חבר	UNCHANGED	medium	low	low	no	abstract_word	false	none	friend	not_needed	not_needed	none	Retain in the normalized curriculum.	medium
expressions_c	10	C	expressions	Tree house	בית עץ	C	places	STANDARD	Tree house	בית עץ	UNCHANGED	medium	medium	medium	no	abstract_word	false	none	tree_house	not_needed	not_needed	none	Retain in the normalized curriculum.	medium
expressions_c	11	C	expressions	The end	הסוף	C	social_language	STANDARD	The end	הסוף	UNCHANGED	medium	medium	low	no	abstract_word	false	none	the_end	not_needed	not_needed	none	Retain in the normalized curriculum.	medium
expressions_c	12	C	expressions	Classroom	כיתה	C	places	STANDARD	Classroom	כיתה	UNCHANGED	medium	medium	low	no	abstract_word	false	none	classroom	not_needed	not_needed	none	Retain in the normalized curriculum.	medium
body_a	1	A	body	Dream	חלום	B	abstract_concepts	STANDARD	Dream	חלום	CATEGORY_CORRECTION	high	low	low	no	abstract_word	false	none	dream	not_needed	not_needed	category_misfit,level_rebalance	Keep the concept as useful abstract vocabulary, but remove it from body content and picture-based activities.	medium
body_a	2	A	body	Love	אהבה	B	feelings	STANDARD	Love	אהבה	CATEGORY_CORRECTION	high	low	low	no	abstract_word	false	none	love	not_needed	not_needed	category_misfit,level_rebalance	Keep the concept as common feelings vocabulary, not as body content or picture-first curriculum.	medium
body_a	3	A	body	Head	ראש	A	body	STANDARD	Head	ראש	UNCHANGED	very_high	low	low	yes	word	true	image	head	missing_ios	existing_android	none	Retain in the normalized curriculum.	medium
body_a	4	A	body	Leg	רגל	A	body	STANDARD	Leg	רגל	UNCHANGED	very_high	low	low	yes	word	true	image	leg	missing_ios	existing_android	none	Retain in the normalized curriculum.	medium
body_a	5	A	body	Hand	יד	A	body	STANDARD	Hand	יד	UNCHANGED	very_high	low	low	yes	word	true	image	hand	missing_ios	existing_android	none	Retain in the normalized curriculum.	medium
body_a	6	A	body	Eye	עין	A	body	STANDARD	Eye	עין	UNCHANGED	very_high	low	low	yes	word	true	image	eye	missing_ios	existing_android	none	Retain in the normalized curriculum.	medium
body_a	7	A	body	Nose	אף	A	body	STANDARD	Nose	אף	UNCHANGED	very_high	low	low	yes	word	true	image	nose	missing_ios	existing_android	none	Retain in the normalized curriculum.	medium
body_a	8	A	body	Ear	אוזן	A	body	STANDARD	Ear	אוזן	UNCHANGED	very_high	low	low	yes	word	true	image	ear	missing_ios	existing_android	none	Retain in the normalized curriculum.	medium
countries_b	1	B	countries	Spain	ספרד	B	countries	STANDARD	Spain	ספרד	UNCHANGED	high	low	low	yes	word	true	trusted	spain	not_needed	trusted_external	none	Retain in the normalized curriculum.	medium
countries_b	2	B	countries	Israel	ישראל	B	countries	STANDARD	Israel	ישראל	UNCHANGED	high	low	low	yes	word	true	trusted	israel	not_needed	trusted_external	none	Retain in the normalized curriculum.	medium
countries_b	3	B	countries	America	אמריקה	B	countries	MERGED_DUPLICATE	America	אמריקה	MERGED_DUPLICATE	high	low	low	no	word	false	none		not_needed	not_needed	duplicate_or_overlap	Merge into United States so the curriculum does not keep America and United States as separate country concepts.	high
countries_b	4	B	countries	Romania	רומניה	B	countries	STANDARD	Romania	רומניה	UNCHANGED	high	low	low	yes	word	true	trusted	romania	not_needed	trusted_external	none	Retain in the normalized curriculum.	medium
countries_b	5	B	countries	Finland	פינלנד	B	countries	STANDARD	Finland	פינלנד	UNCHANGED	high	low	low	yes	word	true	trusted	finland	not_needed	trusted_external	none	Retain in the normalized curriculum.	medium
countries_b	6	B	countries	Italy	איטליה	B	countries	STANDARD	Italy	איטליה	UNCHANGED	high	low	low	yes	word	true	trusted	italy	not_needed	trusted_external	none	Retain in the normalized curriculum.	medium
countries_b	7	B	countries	Monaco	מונקו	B	countries	STANDARD	Monaco	מונקו	UNCHANGED	high	low	low	yes	word	true	trusted	monaco	not_needed	trusted_external	none	Retain in the normalized curriculum.	medium
countries_b	8	B	countries	Brazil	ברזיל	B	countries	STANDARD	Brazil	ברזיל	UNCHANGED	high	low	low	yes	word	true	trusted	brazil	not_needed	trusted_external	none	Retain in the normalized curriculum.	medium
countries_b	9	B	countries	Africa	אפריקה	B	geography	STANDARD	Africa	אפריקה	CATEGORY_CORRECTION	high	low	low	yes	word	true	trusted_geography	africa	not_needed	trusted_external	category_misfit	Africa is a continent, so keep it in geography rather than the countries category.	medium
countries_b	10	B	countries	Germany	גרמניה	B	countries	STANDARD	Germany	גרמניה	UNCHANGED	high	low	low	yes	word	true	trusted	germany	not_needed	trusted_external	none	Retain in the normalized curriculum.	medium
countries_b	11	B	countries	San Marino	סן מרינו	B	countries	STANDARD	San Marino	סן מרינו	UNCHANGED	high	medium	medium	yes	word	true	trusted	san_marino	not_needed	trusted_external	none	Retain in the normalized curriculum.	medium
countries_c	1	C	countries	Bulgaria	בולגריה	C	countries	STANDARD	Bulgaria	בולגריה	UNCHANGED	medium	medium	low	yes	word	true	trusted	bulgaria	not_needed	trusted_external	none	Retain in the normalized curriculum.	medium
countries_c	2	C	countries	United States	ארצות הברית	C	countries	STANDARD	United States	ארצות הברית	UNCHANGED	medium	medium	medium	yes	word	true	trusted	united_states	not_needed	trusted_external	none	Retain in the normalized curriculum.	medium
countries_c	3	C	countries	United Kingdom	בריטניה	C	countries	STANDARD	United Kingdom	בריטניה	UNCHANGED	medium	high	low	yes	word	true	trusted	united_kingdom	not_needed	trusted_external	none	Retain in the normalized curriculum.	medium
countries_c	4	C	countries	Poland	פולין	C	countries	STANDARD	Poland	פולין	UNCHANGED	medium	low	low	yes	word	true	trusted	poland	not_needed	trusted_external	none	Retain in the normalized curriculum.	medium
countries_c	5	C	countries	Argentina	ארגנטינה	C	countries	STANDARD	Argentina	ארגנטינה	UNCHANGED	medium	medium	medium	yes	word	true	trusted	argentina	not_needed	trusted_external	none	Retain in the normalized curriculum.	medium
countries_c	6	C	countries	Denmark	דנמרק	C	countries	STANDARD	Denmark	דנמרק	UNCHANGED	medium	low	low	yes	word	true	trusted	denmark	not_needed	trusted_external	none	Retain in the normalized curriculum.	medium
countries_c	7	C	countries	Australia	אוסטרליה	C	countries	STANDARD	Australia	אוסטרליה	UNCHANGED	medium	medium	medium	yes	word	true	trusted	australia	not_needed	trusted_external	none	Retain in the normalized curriculum.	medium
countries_c	8	C	countries	Hungary	הונגריה	C	countries	STANDARD	Hungary	הונגריה	UNCHANGED	medium	low	low	yes	word	true	trusted	hungary	not_needed	trusted_external	none	Retain in the normalized curriculum.	medium
countries_c	9	C	countries	Portugal	פורטוגל	C	countries	STANDARD	Portugal	פורטוגל	UNCHANGED	medium	medium	low	yes	word	true	trusted	portugal	not_needed	trusted_external	none	Retain in the normalized curriculum.	medium
countries_c	10	C	countries	Norway	נורווגיה	C	countries	STANDARD	Norway	נורווגיה	UNCHANGED	medium	low	medium	yes	word	true	trusted	norway	not_needed	trusted_external	none	Retain in the normalized curriculum.	medium
countries_c	11	C	countries	Russia	רוסיה	B	countries	STANDARD	Russia	רוסיה	LEVEL_MOVE	high	low	low	yes	word	true	trusted	russia	not_needed	trusted_external	level_rebalance	Retain in the normalized curriculum.	medium
countries_c	12	C	countries	Cyprus	קפריסין	C	countries	STANDARD	Cyprus	קפריסין	UNCHANGED	medium	low	low	yes	word	true	trusted	cyprus	not_needed	trusted_external	none	Retain in the normalized curriculum.	medium
countries_c	13	C	countries	Greece	יוון	C	countries	STANDARD	Greece	יוון	UNCHANGED	medium	low	low	yes	word	true	trusted	greece	not_needed	trusted_external	none	Retain in the normalized curriculum.	medium
countries_d	1	D	countries	Egypt	מצרים	D	countries	STANDARD	Egypt	מצרים	UNCHANGED	medium_low	low	low	yes	word	true	trusted	egypt	not_needed	trusted_external	none	Retain in the normalized curriculum.	medium
countries_d	2	D	countries	Czech Republic	צ'כיה	D	countries	STANDARD	Czech Republic	צ'כיה	UNCHANGED	medium_low	high	low	yes	word	true	trusted	czech_republic	not_needed	trusted_external	none	Retain in the normalized curriculum.	medium
countries_d	3	D	countries	Luxembourg	לוקסמבורג	D	countries	STANDARD	Luxembourg	לוקסמבורג	UNCHANGED	medium_low	medium	medium	yes	word	true	trusted	luxembourg	not_needed	trusted_external	none	Retain in the normalized curriculum.	medium
countries_d	4	D	countries	Liechtenstein	ליכטנשטיין	D	countries	STANDARD	Liechtenstein	ליכטנשטיין	UNCHANGED	medium_low	medium	medium	yes	word	true	trusted	liechtenstein	not_needed	trusted_external	none	Retain in the normalized curriculum.	medium
countries_d	5	D	countries	Sweden	שוודיה	D	countries	STANDARD	Sweden	שוודיה	UNCHANGED	medium_low	low	low	yes	word	true	trusted	sweden	not_needed	trusted_external	none	Retain in the normalized curriculum.	medium
countries_d	6	D	countries	Nederland	הולנד	C	countries	STANDARD	Netherlands	הולנד	TEXT_REPAIR	medium	medium	low	yes	word	true	trusted	netherlands	not_needed	trusted_external	text_or_translation_repair,level_rebalance	Use the expected English country name for child-facing vocabulary.	high
countries_d	7	D	countries	Belgium	בלגיה	D	countries	STANDARD	Belgium	בלגיה	UNCHANGED	medium_low	low	low	yes	word	true	trusted	belgium	not_needed	trusted_external	none	Retain in the normalized curriculum.	medium
countries_d	8	D	countries	Switzerland	שוויץ	D	countries	STANDARD	Switzerland	שוויץ	UNCHANGED	medium_low	medium	low	yes	word	true	trusted	switzerland	not_needed	trusted_external	none	Retain in the normalized curriculum.	medium
countries_d	9	D	countries	Uruguay	אורוגוואי	D	countries	STANDARD	Uruguay	אורוגוואי	UNCHANGED	medium_low	low	medium	yes	word	true	trusted	uruguay	not_needed	trusted_external	none	Retain in the normalized curriculum.	medium
countries_d	10	D	countries	Chile	צ'ילה	D	countries	STANDARD	Chile	צ'ילה	UNCHANGED	medium_low	low	low	yes	word	true	trusted	chile	not_needed	trusted_external	none	Retain in the normalized curriculum.	medium
languages_b	1	B	languages	English	אנגלית	B	languages	STANDARD	English	אנגלית	UNCHANGED	high	low	low	no	word	false	none	english	not_needed	not_needed	none	Retain in the normalized curriculum.	medium
languages_b	2	B	languages	Spanish	ספרדית	B	languages	STANDARD	Spanish	ספרדית	UNCHANGED	high	low	low	no	word	false	none	spanish	not_needed	not_needed	none	Retain in the normalized curriculum.	medium
languages_b	3	B	languages	Hebrew	עברית	B	languages	STANDARD	Hebrew	עברית	UNCHANGED	high	low	low	no	word	false	none	hebrew	not_needed	not_needed	none	Retain in the normalized curriculum.	medium
languages_b	4	B	languages	Russian	רוסית	B	languages	STANDARD	Russian	רוסית	UNCHANGED	high	low	low	no	word	false	none	russian	not_needed	not_needed	none	Retain in the normalized curriculum.	medium
languages_b	5	B	languages	French	צרפתית	B	languages	STANDARD	French	צרפתית	UNCHANGED	high	low	low	no	word	false	none	french	not_needed	not_needed	none	Retain in the normalized curriculum.	medium
languages_b	6	B	languages	German	גרמנית	B	languages	STANDARD	German	גרמנית	UNCHANGED	high	low	low	no	word	false	none	german	not_needed	not_needed	none	Retain in the normalized curriculum.	medium
languages_c	1	C	languages	Italian	איטלקית	C	languages	STANDARD	Italian	איטלקית	UNCHANGED	medium	low	low	no	word	false	none	italian	not_needed	not_needed	none	Retain in the normalized curriculum.	medium
languages_c	2	C	languages	Korean	קוריאנית	C	languages	STANDARD	Korean	קוריאנית	UNCHANGED	medium	low	medium	no	word	false	none	korean	not_needed	not_needed	none	Retain in the normalized curriculum.	medium
languages_c	3	C	languages	Hindi	הודית	C	languages	STANDARD	Hindi	הודית	UNCHANGED	medium	low	low	no	word	false	none	hindi	not_needed	not_needed	none	Retain in the normalized curriculum.	medium
languages_c	4	C	languages	Arabic	ערבית	C	languages	STANDARD	Arabic	ערבית	UNCHANGED	medium	low	low	no	word	false	none	arabic	not_needed	not_needed	none	Retain in the normalized curriculum.	medium
languages_c	5	C	languages	Danish	דנית	C	languages	STANDARD	Danish	דנית	UNCHANGED	medium	low	low	no	word	false	none	danish	not_needed	not_needed	none	Retain in the normalized curriculum.	medium
languages_c	6	C	languages	Dutch	הולנדית	C	languages	STANDARD	Dutch	הולנדית	UNCHANGED	medium	low	low	no	word	false	none	dutch	not_needed	not_needed	none	Retain in the normalized curriculum.	medium
languages_d	1	D	languages	Portuguese	פורטוגזית	D	languages	STANDARD	Portuguese	פורטוגזית	UNCHANGED	medium_low	medium	medium	no	word	false	none	portuguese	not_needed	not_needed	none	Retain in the normalized curriculum.	medium
languages_d	2	D	languages	Vietnamese	ויאטנמית	D	languages	STANDARD	Vietnamese	ויאטנמית	UNCHANGED	medium_low	medium	medium	no	word	false	none	vietnamese	not_needed	not_needed	none	Retain in the normalized curriculum.	medium
languages_d	3	D	languages	Chinese	סינית	D	languages	STANDARD	Chinese	סינית	UNCHANGED	medium_low	low	low	no	word	false	none	chinese	not_needed	not_needed	none	Retain in the normalized curriculum.	medium
languages_d	4	D	languages	Indonesian	אינדונזית	D	languages	STANDARD	Indonesian	אינדונזית	UNCHANGED	medium_low	medium	medium	no	word	false	none	indonesian	not_needed	not_needed	none	Retain in the normalized curriculum.	medium
languages_d	5	D	languages	Japanese	יפנית	D	languages	STANDARD	Japanese	יפנית	UNCHANGED	medium_low	medium	low	no	word	false	none	japanese	not_needed	not_needed	none	Retain in the normalized curriculum.	medium
languages_d	6	D	languages	Norwegian	נורווגית	D	languages	STANDARD	Norwegian	נורווגית	UNCHANGED	medium_low	medium	medium	no	word	false	none	norwegian	not_needed	not_needed	none	Retain in the normalized curriculum.	medium
languages_d	7	D	languages	Amharic	אמהרית	D	languages	STANDARD	Amharic	אמהרית	UNCHANGED	medium_low	low	low	no	word	false	none	amharic	not_needed	not_needed	none	Retain in the normalized curriculum.	medium
sentences_b	1	B	sentences	Good morning	בוקר טוב	B	sentences	STANDARD	Good morning	בוקר טוב	UNCHANGED	high	medium	medium	no	sentence	false	none	good_morning	not_needed	not_needed	thin_sentence_coverage	Retain in the normalized curriculum.	medium
sentences_b	2	B	sentences	Good night	לילה טוב	B	sentences	STANDARD	Good night	לילה טוב	UNCHANGED	high	medium	medium	no	sentence	false	none	good_night	not_needed	not_needed	thin_sentence_coverage	Retain in the normalized curriculum.	medium
sentences_b	3	B	sentences	How many?	כמה?	B	sentences	STANDARD	How many?	כמה?	UNCHANGED	high	medium	low	no	sentence	false	none	how_many	not_needed	not_needed	thin_sentence_coverage	Retain in the normalized curriculum.	medium
sentences_b	4	B	sentences	My name is	שמי הוא	B	sentences	STANDARD	My name is	שמי הוא	UNCHANGED	high	high	medium	no	sentence	false	none	my_name_is	not_needed	not_needed	thin_sentence_coverage	Retain in the normalized curriculum.	medium
sentences_b	5	B	sentences	Thank you	תודה	B	sentences	STANDARD	Thank you	תודה	UNCHANGED	high	medium	low	no	sentence	false	none	thank_you	not_needed	not_needed	thin_sentence_coverage	Retain in the normalized curriculum.	medium
sentences_b	6	B	sentences	Be quiet	שמור על שקט	B	sentences	STANDARD	Be quiet	שמור על שקט	UNCHANGED	high	medium	high	no	sentence	false	none	be_quiet	not_needed	not_needed	thin_sentence_coverage	Retain in the normalized curriculum.	medium
sentences_c	1	C	sentences	Do you have?	יש לך?	C	sentences	STANDARD	Do you have?	יש לך?	UNCHANGED	medium	high	medium	no	sentence	false	none	do_you_have	not_needed	not_needed	thin_sentence_coverage	Retain in the normalized curriculum.	medium
sentences_c	2	C	sentences	How are you?	מה שלומך?	C	sentences	STANDARD	How are you?	מה שלומך?	UNCHANGED	medium	high	medium	no	sentence	false	none	how_are_you	not_needed	not_needed	thin_sentence_coverage	Retain in the normalized curriculum.	medium
sentences_c	3	C	sentences	What is this?	מה זה?	C	sentences	STANDARD	What is this?	מה זה?	UNCHANGED	medium	high	medium	no	sentence	false	none	what_is_this	not_needed	not_needed	thin_sentence_coverage	Retain in the normalized curriculum.	medium
sentences_c	4	C	sentences	Who is this?	מי זה?	C	sentences	STANDARD	Who is this?	מי זה?	UNCHANGED	medium	high	medium	no	sentence	false	none	who_is_this	not_needed	not_needed	thin_sentence_coverage	Retain in the normalized curriculum.	medium
sentences_c	5	C	sentences	On the bed	על המיטה	C	sentences	STANDARD	On the bed	על המיטה	UNCHANGED	medium	high	medium	no	sentence	false	none	on_the_bed	not_needed	not_needed	thin_sentence_coverage	Retain in the normalized curriculum.	medium
sentences_c	6	C	sentences	Point to	הצבע על	C	sentences	STANDARD	Point to	הצבע על	UNCHANGED	medium	medium	medium	no	sentence	false	none	point_to	not_needed	not_needed	thin_sentence_coverage	Retain in the normalized curriculum.	medium
sentences_c	7	C	sentences	I am fine	אני בסדר	C	sentences	STANDARD	I am fine	אני בסדר	UNCHANGED	medium	high	medium	no	sentence	false	none	i_am_fine	not_needed	not_needed	thin_sentence_coverage	Retain in the normalized curriculum.	medium
sentences_c	8	C	sentences	Look at	תסתכל על	C	sentences	STANDARD	Look at	תסתכל על	UNCHANGED	medium	medium	medium	no	sentence	false	none	look_at	not_needed	not_needed	thin_sentence_coverage	Retain in the normalized curriculum.	medium
sentences_c	9	C	sentences	Who has?	למי יש?	C	sentences	STANDARD	Who has?	למי יש?	UNCHANGED	medium	medium	medium	no	sentence	false	none	who_has	not_needed	not_needed	thin_sentence_coverage	Retain in the normalized curriculum.	medium
sentences_d	1	D	sentences	Let's go	בוא נלך	D	sentences	STANDARD	Let's go	בוא נלך	UNCHANGED	medium_low	medium	medium	no	sentence	false	none	lets_go	not_needed	not_needed	thin_sentence_coverage	Retain in the normalized curriculum.	medium
sentences_d	2	D	sentences	What do you see?	מה אתה רואה?	D	sentences	STANDARD	What do you see?	מה אתה רואה?	UNCHANGED	medium_low	high	high	no	sentence	false	none	what_do_you_see	not_needed	not_needed	thin_sentence_coverage	Retain in the normalized curriculum.	medium
sentences_d	3	D	sentences	What do you mean?	מה אתה מתכוון?	D	sentences	STANDARD	What do you mean?	מה אתה מתכוון?	UNCHANGED	medium_low	high	high	no	sentence	false	none	what_do_you_mean	not_needed	not_needed	thin_sentence_coverage	Retain in the normalized curriculum.	medium
sentences_d	4	D	sentences	I see a big ball	אני רואה כדור גדול	D	sentences	STANDARD	I see a big ball	אני רואה כדור גדול	UNCHANGED	medium_low	high	high	no	sentence	false	none	i_see_a_big_ball	not_needed	not_needed	thin_sentence_coverage	Retain in the normalized curriculum.	medium
sentences_d	5	D	sentences	What is your name?	מה השם שלך?	D	sentences	STANDARD	What is your name?	מה השם שלך?	UNCHANGED	medium_low	high	high	no	sentence	false	none	what_is_your_name	not_needed	not_needed	thin_sentence_coverage	Retain in the normalized curriculum.	medium
